GISJOIN,YEAR,REGIONA,DIVISIONA,STATE,STATEA,COUNTYA,COUSUBA,PLACEA,TRACTA,BLKGRPA,CONCITA,AIANHHA,RES_ONLYA,TRUSTA,AITSCEA,ANRCA,CBSAA,CSAA,METDIVA,NECTAA,CNECTAA,NECTADIVA,UAA,CDCURRA,SLDUA,SLDLA,ZCTA5A,SUBMCDA,SDELMA,SDSECA,SDUNIA,PUMA5A,BTTRA,BTBGA,NAME_E,AJWME001,AJWNE001,AJWNE002,AJWNE003,AJWNE004,AJWNE005,AJWNE006,AJWNE007,AJWNE008,AJWNE009,AJWNE010,AJWVE001,AJWVE002,AJWVE003,AJWVE004,AJWVE005,AJWVE006,AJWVE007,AJWVE008,AJWVE009,AJWVE010,AJWVE011,AJWVE012,AJWVE013,AJWVE014,AJWVE015,AJWVE016,AJWVE017,AJWVE018,AJWVE019,AJWVE020,AJWVE021,AJWWE001,AJWWE002,AJWWE003,AJXCE001,AJXCE002,AJXCE003,AJXCE004,AJXCE005,AJXCE006,AJXCE007,AJXCE008,AJXCE009,AJXCE010,AJXCE011,AJXCE012,AJXCE013,AJXCE014,AJXCE015,AJXCE016,AJXCE017,AJXCE018,AJXCE019,AJXCE020,AJXCE021,AJXKE001,AJXKE002,AJXKE003,AJXKE004,AJXKE005,AJXKE006,AJXKE007,AJXKE008,AJXKE009,AJYPE001,AJYPE002,AJYPE003,AJYPE004,AJYPE005,AJYPE006,AJYPE007,AJYPE008,AJYPE009,AJYPE010,AJYPE011,AJYPE012,AJYPE013,AJYPE014,AJYPE015,AJYPE016,AJYPE017,AJYPE018,AJYPE019,AJYPE020,AJYPE021,AJYPE022,AJYPE023,AJYPE024,AJYPE025,AJY4E001,AJY4E002,AJY4E003,AJY4E004,AJY4E005,AJY4E006,AJY4E007,AJY4E008,AJY9E001,AJY9E002,AJY9E003,AJY9E004,AJY9E005,AJY9E006,AJY9E007,AJY9E008,AJY9E009,AJY9E010,AJY9E011,AJY9E012,AJY9E013,AJY9E014,AJY9E015,AJY9E016,AJY9E017,AJZAE001,NAME_M,AJWMM001,AJWNM001,AJWNM002,AJWNM003,AJWNM004,AJWNM005,AJWNM006,AJWNM007,AJWNM008,AJWNM009,AJWNM010,AJWVM001,AJWVM002,AJWVM003,AJWVM004,AJWVM005,AJWVM006,AJWVM007,AJWVM008,AJWVM009,AJWVM010,AJWVM011,AJWVM012,AJWVM013,AJWVM014,AJWVM015,AJWVM016,AJWVM017,AJWVM018,AJWVM019,AJWVM020,AJWVM021,AJWWM001,AJWWM002,AJWWM003,AJXCM001,AJXCM002,AJXCM003,AJXCM004,AJXCM005,AJXCM006,AJXCM007,AJXCM008,AJXCM009,AJXCM010,AJXCM011,AJXCM012,AJXCM013,AJXCM014,AJXCM015,AJXCM016,AJXCM017,AJXCM018,AJXCM019,AJXCM020,AJXCM021,AJXKM001,AJXKM002,AJXKM003,AJXKM004,AJXKM005,AJXKM006,AJXKM007,AJXKM008,AJXKM009,AJYPM001,AJYPM002,AJYPM003,AJYPM004,AJYPM005,AJYPM006,AJYPM007,AJYPM008,AJYPM009,AJYPM010,AJYPM011,AJYPM012,AJYPM013,AJYPM014,AJYPM015,AJYPM016,AJYPM017,AJYPM018,AJYPM019,AJYPM020,AJYPM021,AJYPM022,AJYPM023,AJYPM024,AJYPM025,AJY4M001,AJY4M002,AJY4M003,AJY4M004,AJY4M005,AJY4M006,AJY4M007,AJY4M008,AJY9M001,AJY9M002,AJY9M003,AJY9M004,AJY9M005,AJY9M006,AJY9M007,AJY9M008,AJY9M009,AJY9M010,AJY9M011,AJY9M012,AJY9M013,AJY9M014,AJY9M015,AJY9M016,AJY9M017,AJZAM001
"G010","2014-2018",,,"Alabama","01",,,,,,,,,,,,,,,,,,,,,,,,,,,,,,"Alabama",4864680,4864680,3317453,1293186,25576,64609,2182,70055,91619,7079,84540,4864680,4661534,3196730,1285737,23243,63936,1521,7503,82864,2235,80629,203146,120723,7449,2333,673,661,62552,8755,4844,3911,4864680,4661534,203146,2051445,1934423,1760032,174391,135992,23411,8459,3682,2847,6959,6427,126,98,65,243,741,2238,2115,22977,15111,66881,1860269,1229905,883386,346519,78523,267996,630364,548612,81752,3299958,41240,472,496,801,1831,5304,4582,6895,21392,22023,44356,68661,93256,97758,60976,838776,181396,199534,514121,273493,515443,221842,50429,34881,4742208,360959,468441,253831,234252,341805,133637,2949283,1860269,163312,117629,114088,108736,100244,98408,89216,86970,74023,147857,176464,213319,139638,82409,78452,69504,48486,"Alabama",0,0,3345,2745,1335,1251,546,3631,3331,878,3190,0,393,847,2516,1178,1243,265,1299,3183,607,3099,393,3154,1000,620,232,512,3295,986,766,710,0,393,393,7865,8203,8306,3364,2986,1195,877,501,513,682,672,84,83,45,134,174,316,304,1206,1003,2140,6522,6269,6445,3648,2159,3171,4397,4291,2253,1188,1648,127,153,175,302,562,504,602,1209,1202,1509,2298,2640,2554,1765,6848,2908,3539,5357,3743,5193,3434,1679,1303,1024,8202,10030,5720,7044,9490,4840,17184,6522,2676,2606,2510,1883,2115,2435,1920,2274,1567,2418,2939,3268,2736,1887,2187,1615,364
"G020","2014-2018",,,"Alaska","02",,,,,,,,,,,,,,,,,,,,,,,,,,,,,,"Alaska",738516,738516,478834,24129,106660,46556,8849,11027,62461,3474,58987,738516,687330,450754,22817,103506,45617,8544,1459,54633,645,53988,51186,28080,1312,3154,939,305,9568,7828,2829,4999,738516,687330,51186,358627,290566,246808,43758,32201,6457,3147,1164,789,4981,4598,46,37,23,277,1045,488,3590,27575,13651,16731,253462,167633,125847,41786,14959,26827,85829,65197,20632,477727,3479,97,66,40,504,642,594,607,1473,1126,3617,3233,6331,7390,5561,107913,25938,35716,93703,40052,88053,36794,9506,5292,720674,35602,42263,24577,26230,37870,16387,537745,253462,10230,7609,7962,8567,8830,8897,8630,9759,8172,18000,27311,36073,29553,20043,23692,20134,76715,"Alaska",0,0,1368,834,1515,1030,485,1329,1816,548,1783,0,121,457,675,1355,969,413,566,1766,212,1734,121,1319,357,603,332,181,1166,745,525,596,0,121,121,1842,2199,2440,1763,1474,669,527,246,161,523,516,59,28,31,77,185,128,438,1128,667,803,1351,1876,1680,1287,919,1005,1668,1659,935,371,474,60,57,20,188,149,112,161,255,182,323,289,512,499,441,1954,1087,1239,1816,1179,1745,1313,786,523,506,1633,2242,1547,1570,2053,1278,3729,1351,612,558,492,588,598,549,632,661,547,933,1122,1169,1121,881,891,917,894
"G040","2014-2018",,,"Arizona","04",,,,,,,,,,,,,,,,,,,,,,,,,,,,,,"Arizona",6946685,6946685,5364141,305259,309580,228887,14112,471823,252883,50168,202715,6946685,4783373,3825886,286614,271946,222477,12523,9177,154750,5011,149739,2163312,1538255,18645,37634,6410,1589,462646,98133,45157,52976,6946685,4783373,2163312,3008707,2632801,2306027,326774,250091,47031,15959,8880,4813,57302,52612,2319,1235,883,253,4477,12538,27178,57910,33773,182728,2524300,1648126,1200133,447993,138254,309739,876174,689602,186572,4633932,69737,710,896,3815,5991,13724,9556,12742,65142,15961,68009,76200,78493,95350,96676,927855,184696,352036,820125,398147,835120,362611,83023,57317,6788985,509325,582867,341454,323012,479774,199156,4353397,2524300,170434,111075,118026,126194,125448,125317,118929,123277,107425,210570,262334,315900,211274,131233,133172,133692,56213,"Arizona",0,0,9871,2794,3307,2442,625,7938,5372,2420,4439,0,0,1181,2564,1835,2133,512,1298,3960,667,3894,0,9886,1490,2670,942,449,7973,3814,2425,2611,0,0,0,8646,9734,9270,5309,4185,2065,1177,804,473,2125,2087,367,256,215,139,593,773,1363,1756,1344,3178,6840,7057,8008,4804,2900,3967,5604,5275,2991,583,1874,179,210,566,584,967,942,908,2371,887,1824,2009,2342,2714,2342,7247,3265,4682,6328,4241,5125,4658,1868,1782,1550,9122,10384,9115,7844,8777,6664,17324,6840,2907,2320,2350,2140,2823,2468,2182,2663,2398,2963,3299,3575,2715,2328,2252,2275,275
"G050","2014-2018",,,"Arkansas","05",,,,,,,,,,,,,,,,,,,,,,,,,,,,,,"Arkansas",2990671,2990671,2302874,460970,20037,43988,7969,78981,75852,7323,68529,2990671,2771619,2173849,458536,17342,43441,7877,4641,65933,1297,64636,219052,129025,2434,2695,547,92,74340,9919,6026,3893,2990671,2771619,219052,1274750,1189092,1055112,133980,100515,20412,7285,3414,2354,4631,4322,50,110,72,77,801,2134,2205,22089,10341,43457,1152175,764816,558867,205949,52998,152951,387359,327441,59918,1999307,22927,251,383,544,1860,4848,3514,5171,17758,12708,30420,37717,47019,57990,32919,557808,123415,136060,315304,139070,288720,115355,27579,19967,2903003,210464,299873,174549,168010,228923,91671,1729513,1152175,93423,74534,70617,73576,69556,65675,61375,60069,51743,95124,111457,124254,78338,44816,39928,37690,45726,"Arkansas",0,0,2783,1946,1190,1091,639,3353,2749,922,2276,0,321,793,1812,977,1080,627,985,2122,323,2061,321,2748,451,634,197,83,3062,1178,919,660,0,321,321,6555,6648,6149,3156,2549,1147,743,579,351,521,516,58,81,53,51,219,341,317,1234,890,1620,4053,4296,4462,3032,1837,2311,3793,3858,1676,967,1080,85,173,178,373,699,476,588,1049,861,1057,1373,1476,2002,1278,5239,2503,2771,4205,2718,4006,2791,1241,1094,988,5873,6445,4878,5607,6581,4553,10997,4053,2190,1930,1758,1799,1781,1729,1844,1670,1624,2295,2156,2430,1770,1326,1337,1296,350
"G060","2014-2018",,,"California","06",,,,,,,,,,,,,,,,,,,,,,,,,,,,,,"California",39148760,39148760,23529068,2267875,296475,5604339,153366,5415410,1882227,405831,1476396,39148760,23927183,14695836,2164519,138427,5525439,138911,97763,1166288,51799,1114489,15221577,8833232,103356,158048,78900,14455,5317647,715939,354032,361907,39148760,23927183,15221577,17904213,15039427,13203972,1835455,1350936,279525,111333,56220,37441,910567,588949,22326,210027,78582,10683,25127,60775,180761,474721,192025,1020810,12965435,8915228,6437416,2477812,773046,1704766,4050207,3084533,965674,26218885,701772,6811,10025,36246,84552,172073,108491,146865,769722,124539,310093,492650,349498,481594,680634,4786892,604228,1498152,4083998,2051313,5445781,2222636,627892,422428,38407403,2401275,3085866,1803821,1746259,2460075,999522,25910585,12965435,656515,573531,499894,536077,510114,513108,480115,495884,439574,880868,1184505,1589511,1225091,877148,1082448,1421052,71228,"California",0,0,26419,8045,5495,8962,2473,34695,23736,10151,17502,0,0,3121,6255,2841,8702,2227,3056,13507,2448,12878,0,26248,4744,5021,3224,1538,34416,14668,9400,8706,0,0,0,22700,23522,18894,14997,10705,5168,2886,2429,1600,6572,5646,1217,3502,2108,786,1559,1987,3703,5255,3866,7531,19785,24043,30928,11008,6430,8349,10913,10227,7678,1095,8948,480,833,1611,2499,2979,3019,3186,10737,2664,5180,6953,5346,6317,6693,27452,6997,16548,21991,11158,19169,15841,6349,5012,3254,20801,27188,20415,20495,24081,13547,62489,19785,5476,5614,4756,5470,4238,5168,4412,5660,4621,6541,6837,8426,7866,7280,9078,9258,217
"G080","2014-2018",,,"Colorado","08",,,,,,,,,,,,,,,,,,,,,,,,,,,,,,"Colorado",5531141,5531141,4655584,227938,54483,172695,8296,214817,197328,34311,163017,5531141,4346347,3778212,216732,30131,169556,7480,10352,133884,4472,129412,1184794,877372,11206,24352,3139,816,204465,63444,29839,33605,5531141,4346347,1184794,2822072,2374938,2125477,249461,188180,37939,14344,6301,2697,86516,67401,2557,10676,5583,299,1731,4711,33829,80354,21779,218214,2113387,1351683,1050035,301648,97891,203757,761704,578532,183172,3748592,35883,431,598,1503,3080,6093,4412,6915,35856,9617,29217,39105,44023,53024,52961,657022,146409,232804,570533,314214,944470,409786,87493,63143,5409817,269128,321376,200761,199621,309444,134904,3974583,2113387,107807,73311,73097,81688,83573,88139,87818,88689,79871,163943,212739,288416,212974,145127,159913,166282,68811,"Colorado",0,0,5852,2446,1913,1886,516,5320,4702,1886,4099,0,366,1322,2260,1090,1824,415,1333,3379,652,3285,366,5647,1146,1691,543,310,5122,2853,1758,2279,0,366,366,6790,7132,7967,3907,3411,1850,1186,751,358,2352,2154,419,609,581,130,348,413,1184,2111,1194,2852,4542,6051,7250,4052,2106,3126,5103,4607,2565,950,1583,119,136,348,496,708,690,646,1737,859,1613,1583,1674,1724,1631,6129,2602,3577,4773,3912,5943,4268,1864,1520,1092,6312,7518,4983,6205,6388,4669,14257,4542,2019,1785,1746,1790,2037,1876,1823,1837,1903,2658,2996,3617,3304,2313,2247,2383,364
"G090","2014-2018",,,"Connecticut","09",,,,,,,,,,,,,,,,,,,,,,,,,,,,,,"Connecticut",3581504,3581504,2734880,378262,9698,158817,1173,185244,113430,24904,88526,3581504,3019713,2418696,351817,5320,157406,752,11421,74301,4821,69480,561791,316184,26445,4378,1411,421,173823,39129,20083,19046,3581504,3019713,561791,1780653,1535452,1391925,143527,114248,16759,6390,3325,2805,84347,41788,351,2226,39810,172,2505,1284,4895,49525,12079,90566,1367374,892940,660364,232576,61758,170818,474434,390350,84084,2478708,25659,299,337,1175,2064,4887,5367,7977,18547,8004,26752,27957,36056,35711,35034,591158,79361,129622,286645,190869,538924,309751,74380,42172,3474901,162335,186114,109143,108435,167105,63140,2678629,1367374,70710,48894,48387,52382,49434,48131,49118,50303,46092,91410,120646,170246,133855,101684,123672,162410,76106,"Connecticut",0,0,5407,2718,1118,1472,278,5550,3456,1542,3157,0,0,1034,1870,598,1395,200,1287,2467,595,2381,0,5137,2189,973,354,181,5287,2184,1485,1684,0,0,0,5383,6331,6347,3578,3003,1105,826,509,444,2121,1828,139,313,1126,69,372,254,495,1834,958,2176,3671,4443,4850,3193,1903,2706,3819,3315,1948,350,1186,102,114,262,424,641,582,834,1239,832,1370,1182,1277,1241,1274,5962,2034,2587,3935,2987,4392,3608,1708,1422,837,4737,5149,4109,4504,4916,3592,9607,3671,1760,1571,1411,1595,1460,1640,1411,1543,1522,2224,2527,2811,2248,2204,1983,2323,552
"G100","2014-2018",,,"Delaware","10",,,,,,,,,,,,,,,,,,,,,,,,,,,,,,"Delaware",949495,949495,654905,209892,3455,36723,477,18034,26009,2578,23431,949495,863180,595623,204665,2851,36464,276,1804,21497,692,20805,86315,59282,5227,604,259,201,16230,4512,1886,2626,949495,863180,86315,444908,396966,360365,36601,28510,5055,1376,1044,616,11739,9067,82,319,2196,75,137,433,1328,9518,3154,21633,357765,237901,174333,63568,16416,47152,119864,97487,22377,659979,6867,161,110,229,395,936,653,1000,4123,2190,6210,8197,12535,13701,10175,187042,21515,39834,85352,51522,120794,62275,12399,11764,923678,50291,59507,31323,33137,50650,21816,676954,357765,19901,12769,12490,15416,15365,16843,15105,14978,13875,27672,36996,50512,34311,22450,25568,23514,65627,"Delaware",0,0,2245,1374,484,727,296,1832,1486,445,1462,0,0,324,1116,369,705,73,431,1293,253,1304,0,2174,829,286,149,302,1780,704,400,593,0,0,0,2826,3200,3347,1615,1351,636,264,419,179,855,705,52,127,355,64,78,148,262,731,444,1058,1676,2194,2127,1766,774,1418,2454,2134,979,249,787,94,54,144,153,228,186,264,626,345,679,770,746,943,691,2771,936,1599,2184,1653,1823,1569,817,737,588,2357,2865,2170,2503,2717,1989,5163,1676,1004,715,753,759,837,913,827,972,796,961,1269,1454,1202,903,1029,950,768
"G110","2014-2018",,,"District of Columbia","11",,,,,,,,,,,,,,,,,,,,,,,,,,,,,,"District of Columbia",684498,684498,280469,321317,1993,26718,340,33518,20143,2631,17512,684498,609722,248057,315281,1314,26278,280,2648,15864,760,15104,74776,32412,6036,679,440,60,30870,4279,1871,2408,684498,609722,74776,366168,144993,125462,19531,14271,3310,1039,576,335,127530,50181,712,75595,1000,42,3131,557,16350,48047,3155,22405,281322,121788,71726,50062,9811,40251,159534,124201,35333,486981,5399,144,19,355,512,1248,852,1497,3257,1730,3973,5531,6759,8912,5617,70723,12849,16914,45704,14637,118817,100571,40220,20741,650912,59892,49605,23513,20312,25517,11314,460759,281322,25944,12630,9426,8331,9622,8259,6817,7775,7474,14176,20711,30248,26126,19635,26806,47342,82604,"District of Columbia",0,0,1909,1354,506,625,84,2126,1273,550,1116,0,0,358,1027,186,594,75,621,1026,208,1001,0,1904,1001,464,180,47,1879,765,507,519,0,0,0,2437,2469,2329,1130,963,527,250,223,172,2737,2026,219,2042,185,49,414,182,989,1713,460,1116,1459,1584,1313,1053,605,978,1670,1791,1029,106,700,78,26,185,245,401,268,355,519,331,542,611,526,723,527,1900,845,983,1640,950,2133,1931,1436,1143,379,2857,2517,2405,1918,1869,1362,3784,1459,1070,726,726,672,759,616,630,573,687,874,973,1077,1046,907,1050,1165,1081
"G120","2014-2018",,,"Florida","12",,,,,,,,,,,,,,,,,,,,,,,,,,,,,,"Florida",20598139,20598139,15529098,3316376,58118,559168,12887,580152,542340,92522,449818,20598139,15413419,11196857,3167011,41776,548642,10770,68744,379619,24067,355552,5184720,4332241,149365,16342,10526,2117,511408,162721,68455,94266,20598139,15413419,5184720,9140393,8096487,7255390,841097,645120,118199,43685,21406,12687,176146,157889,1289,9586,6519,863,16176,24884,58229,129987,103965,534519,7621760,4917841,3560518,1357323,370231,987092,2703919,2188759,515160,14686727,217948,4133,3079,8925,17094,38446,32368,47359,147540,65779,141153,211071,251295,269658,313641,3616947,614731,941022,2022451,1438630,2721635,1081844,310270,169708,20178544,1299551,1684300,1043650,1031014,1468272,610299,13041458,7621760,520876,360160,389340,410675,410787,402990,382842,377521,331613,630925,770510,907315,592612,356367,368189,409038,53267,"Florida",0,0,12322,7779,2307,3104,996,11223,11178,4414,9480,0,0,3346,6159,1520,3109,846,3694,8121,2149,8129,0,11874,5662,1744,1048,463,10442,5709,3725,4346,0,0,0,18857,19602,17096,11178,8571,3931,2130,1490,1168,4470,4450,298,830,713,248,1262,1225,2193,3016,3089,7046,23468,23203,23030,7861,5108,6220,12480,11767,5314,1719,4572,471,415,846,1474,2025,1416,1962,4138,2392,3589,5061,4425,4356,5814,27717,6830,11230,12242,11342,16901,10439,4675,3522,2671,16347,20643,13707,14929,18954,11672,41015,23468,5685,4358,4319,4517,4654,5032,5020,4820,4438,6020,7117,8829,6327,5144,5292,5026,181
"G130","2014-2018",,,"Georgia","13",,,,,,,,,,,,,,,,,,,,,,,,,,,,,,"Georgia",10297484,10297484,6079976,3239300,33484,402501,6095,283680,252448,35861,216587,10297484,9329021,5476441,3195363,18416,399223,5070,30394,204114,9209,194905,968463,603535,43937,15068,3278,1025,253286,48334,26652,21682,10297484,9329021,968463,4667378,4165302,3708394,456908,342977,66096,26056,12648,9131,99181,71421,795,23545,3093,327,12680,4866,10723,69380,50744,254502,3709488,2501768,1768511,733257,175248,558009,1207720,997979,209741,6786547,91231,1168,1421,3217,6428,14534,11356,17939,65172,34640,77650,121890,165149,172468,119651,1566284,323848,379243,1014998,518144,1282947,564866,142787,89516,10024689,727406,880308,495511,487769,687903,289389,6456403,3709488,269435,178646,181252,186094,184985,181841,167952,173008,155100,291450,367877,453876,307352,193627,201822,215171,55679,"Georgia",0,0,5699,4425,2337,2387,876,6101,6325,2251,5900,0,561,1796,4327,867,2451,777,2625,5601,1130,5360,561,5462,2546,2148,578,382,5469,2626,1880,1979,0,561,561,11149,13179,12077,6661,5696,2571,1519,972,947,2974,2463,218,1343,548,137,1273,613,826,2369,2188,4149,9402,10024,11014,5631,3319,4728,6444,6784,3236,2032,2794,240,339,541,832,1123,998,1264,2790,1345,2424,3100,3635,3885,3015,13509,4142,6229,9374,5662,9797,7175,2869,2103,2138,11544,13540,11177,9936,10034,8972,24803,9402,4048,3450,3434,3349,3193,3210,3076,3085,2861,3781,4623,5152,3993,3492,2707,3304,243
"G150","2014-2018",,,"Hawaii","15",,,,,,,,,,,,,,,,,,,,,,,,,,,,,,"Hawaii",1422029,1422029,355612,26266,2987,536842,143274,15292,341756,9805,331951,1422029,1274067,314536,24472,1877,522731,132583,1591,276277,1600,274677,147962,41076,1794,1110,14111,10691,13701,65479,8205,57274,1422029,1274067,147962,700228,566883,468932,97951,71338,16234,6340,3150,889,45326,44999,53,168,45,61,540,4379,5956,31742,12050,33352,456782,319069,237269,81800,26023,55777,137713,108906,28807,988367,10953,143,303,456,1322,2147,1690,1835,8965,2793,6791,8148,11875,10850,12425,251280,22353,55742,152114,105186,212053,72121,22668,14154,1383626,66582,70934,40122,41754,68422,30354,1065458,456782,24195,13813,14000,14398,14515,15762,14993,17106,14490,31024,44890,64472,50968,37338,42240,42578,78084,"Hawaii",0,0,2242,843,403,4385,2359,1556,5321,894,5225,0,0,292,823,287,4215,2094,346,4550,309,4557,0,2227,350,247,1356,972,1541,2225,812,2224,0,0,0,3508,3464,3457,2462,2112,1094,679,506,249,1472,1474,50,98,36,43,158,419,561,1304,978,1374,2081,2269,2462,1755,951,1465,2144,1964,964,124,834,75,122,166,310,369,349,287,728,379,600,772,897,721,734,3629,1012,1687,2721,2093,3445,1750,940,758,747,2768,3445,2530,2492,3737,2132,5038,2081,1009,656,848,769,715,792,880,828,852,1048,1370,1502,1249,991,1157,1117,607
"G160","2014-2018",,,"Idaho","16",,,,,,,,,,,,,,,,,,,,,,,,,,,,,,"Idaho",1687809,1687809,1527262,11536,22790,23758,2761,53110,46592,6908,39684,1687809,1478736,1387654,10739,18775,22809,2348,1038,35373,861,34512,209073,139608,797,4015,949,413,52072,11219,6047,5172,1687809,1478736,209073,757408,670856,595426,75430,56894,10506,4768,2031,1231,5418,5201,36,64,63,54,410,2036,7214,19434,6034,46006,618331,418688,335422,83266,26870,56396,199643,163549,36094,1089266,10670,366,125,467,835,2095,1701,1698,8934,2692,8590,11422,15485,19551,18060,242641,59219,93908,193205,104333,198648,65700,15775,13146,1656621,92999,135883,84711,88146,130665,56274,1067943,618331,38492,29568,29865,33635,31268,34988,32391,31324,28244,54943,70028,76641,51057,28311,25253,22323,53089,"Idaho",0,0,3055,783,984,953,373,2814,2061,921,1823,0,151,351,752,741,927,333,257,1686,302,1626,151,3033,297,734,290,186,2762,1263,887,784,0,151,151,3243,3537,3586,2675,2315,871,744,469,266,498,488,31,60,64,46,162,322,649,964,556,1544,2254,3035,3475,2074,1257,1621,2602,2381,1437,826,815,191,56,157,223,475,362,346,758,567,624,858,994,1068,996,3706,1749,2526,3517,2403,3265,1953,988,784,776,3925,4826,4073,3499,4504,3525,7746,2254,1420,1186,1327,1364,1131,1332,1339,1383,1212,1524,1668,1850,1636,1097,1317,1041,400
"G170","2014-2018",,,"Illinois","17",,,,,,,,,,,,,,,,,,,,,,,,,,,,,,"Illinois",12821497,12821497,9189185,1824125,31864,690822,4582,762506,318413,62866,255547,12821497,10646655,7894286,1796057,15037,685343,3088,20105,232739,11627,221112,2174842,1294899,28068,16827,5479,1494,742401,85674,51239,34435,12821497,10646655,2174842,6124144,4962939,4476231,486708,375334,68689,23962,11343,7380,578636,229402,2973,199271,146470,520,15651,5379,39586,182578,48646,290729,4830038,3117333,2300306,817027,221315,595712,1712705,1417008,295697,8682343,110053,1540,1499,3765,9409,19267,15338,21906,108617,25058,116044,96288,130607,153866,151330,1955687,311848,568857,1230951,692622,1801833,847698,194142,114118,12523283,753709,881894,515668,504434,721667,307825,8838086,4830038,314802,194284,210540,220865,206622,209338,198458,201578,177177,359558,469039,613917,452341,298758,335066,367695,63575,"Illinois",0,0,10813,3784,1950,2967,524,11030,6286,3175,5507,0,292,1461,3855,817,2738,386,1493,4293,1055,4637,292,10472,2243,1804,839,374,10880,3576,2968,1856,0,292,292,11844,13372,12227,6788,5259,2504,1433,887,614,4877,3614,458,2757,2954,140,987,478,1521,3531,1708,3498,9750,10480,11885,5816,3533,4990,7059,6673,3393,1159,2579,275,255,436,826,1067,927,1219,2594,1119,2936,2368,2719,2994,2923,12892,3468,6504,8682,5940,11249,7625,3061,2441,2053,11157,13811,9866,7613,9772,6876,24604,9750,3060,3185,3111,3069,2913,2654,2998,2945,2714,4398,4468,5303,3990,3808,4287,3357,187
"G180","2014-2018",,,"Indiana","18",,,,,,,,,,,,,,,,,,,,,,,,,,,,,,"Indiana",6637426,6637426,5548277,619472,14925,144991,2818,144648,162295,20887,141408,6637426,6187159,5275162,610343,12125,143883,2133,9793,133720,3794,129926,450267,273115,9129,2800,1108,685,134855,28575,17093,11482,6637426,6187159,450267,3107072,2851074,2578594,272480,213520,33103,12153,8091,5613,31522,24684,457,1563,4469,349,2346,3459,12793,64980,24295,116603,2553818,1668393,1238730,429663,122762,306901,885425,726648,158777,4399815,40742,717,647,1364,2183,4799,4687,5432,23220,12104,68745,67275,97514,101520,71675,1248789,227142,293011,605831,382510,727108,304487,62892,45421,6435742,414740,493619,287516,293239,433276,173699,4339653,2553818,161937,117149,130218,132008,132773,135371,126209,128048,112088,218078,274815,335317,214337,125469,113344,96657,54325,"Indiana",0,0,4235,3479,950,1837,405,3966,4571,1486,4207,0,166,898,3214,764,1769,239,982,3846,516,3833,166,4227,1063,599,303,339,3967,1879,1367,1293,0,166,166,7703,8271,8392,4320,4024,1502,770,616,606,1312,1175,195,317,445,136,412,319,972,1703,1080,2519,7375,7212,8363,4474,2282,3550,5005,5428,2491,1215,1476,193,153,255,328,548,623,627,1365,818,2002,2192,2283,2582,1713,7905,3193,4207,4816,3879,6494,3934,1831,1621,1620,6690,8792,6876,7205,8172,5062,17304,7375,2778,2101,2630,2881,2117,2248,2396,2407,2070,3215,3321,3800,3138,2168,2615,1973,230
"G190","2014-2018",,,"Iowa","19",,,,,,,,,,,,,,,,,,,,,,,,,,,,,,"Iowa",3132499,3132499,2827889,109911,11549,75083,3129,39168,65770,5130,60640,3132499,2949203,2695888,107471,9067,74640,2863,2806,56468,633,55835,183296,132001,2440,2482,443,266,36362,9302,4497,4805,3132499,2949203,183296,1583271,1416582,1285034,131548,101329,17458,6453,4226,2082,17435,16984,112,72,32,235,1243,2417,7766,51801,10755,75272,1256855,800510,634021,166489,53290,113199,456345,367268,89077,2081373,16321,489,313,380,1125,2320,1431,2308,9044,4117,27634,18838,25678,32960,23751,565437,82700,152796,288291,238423,395820,132751,33970,24476,3030572,160431,193203,127966,124014,180262,83130,2161566,1256855,68502,55656,59026,60647,59917,61240,57473,61014,53332,104907,137981,178095,116267,68003,61585,53210,58580,"Iowa",0,0,2111,1742,771,1149,343,1921,2303,663,2126,0,221,609,1631,611,1145,320,696,1934,185,1950,221,2195,565,443,127,101,1981,1077,629,834,0,221,221,4647,5192,5433,2733,2374,1068,499,483,308,1051,1043,60,41,26,118,234,286,517,1437,717,1709,4146,3560,4198,2589,1490,2114,3148,3132,1719,894,900,151,135,113,262,420,274,305,701,477,998,868,982,1212,956,3912,1697,2490,3050,2603,4038,2474,1353,1157,857,4377,5015,3879,3827,4667,3344,10483,4146,1519,1478,1388,1459,1426,1331,1248,1381,1430,1908,1953,2513,2138,1803,1556,1348,313
"G200","2014-2018",,,"Kansas","20",,,,,,,,,,,,,,,,,,,,,,,,,,,,,,"Kansas",2908776,2908776,2460619,169801,24050,83531,2143,67588,101044,9398,91646,2908776,2568160,2214543,163713,19504,82887,1827,2302,83384,1092,82292,340616,246076,6088,4546,644,316,65286,17660,8306,9354,2908776,2568160,340616,1422992,1299825,1169866,129959,97932,18831,6939,4206,2051,6898,6397,112,130,39,220,730,2557,5119,33452,11029,63382,1124549,731657,571526,160131,49491,110640,392892,325708,67184,1894675,16970,383,330,718,1476,2793,2235,2326,13976,5295,22710,21071,26026,33295,26115,415835,76984,152303,289742,161016,394462,168742,36091,23781,2825033,154010,196270,124797,125700,188397,75442,1960417,1124549,65369,49481,51662,53743,57200,57142,53796,55380,48322,92506,120175,147236,100104,59025,58781,54627,57422,"Kansas",0,0,3181,2013,1027,1270,326,3099,2762,962,2631,0,52,442,1723,773,1288,265,441,2435,248,2405,49,3163,922,756,259,171,2996,1163,885,996,0,52,49,4746,4630,5106,3097,2719,1101,611,575,334,699,671,68,64,36,95,246,351,526,1292,795,1557,4096,3633,4095,2696,1513,2161,2898,2912,1683,984,1071,117,100,149,335,362,336,309,976,492,1106,1073,1082,1456,1039,4020,1646,2530,3382,2885,4416,2725,1278,1015,658,4147,5256,3840,3990,5495,3833,8950,4096,1423,1223,1533,1489,1529,1480,1498,1528,1246,2124,2210,1887,2050,1432,1286,1544,337
"G210","2014-2018",,,"Kentucky","21",,,,,,,,,,,,,,,,,,,,,,,,,,,,,,"Kentucky",4440204,4440204,3866676,354112,9888,62802,2814,44086,99826,8026,91800,4440204,4281460,3764082,349407,8498,62432,2339,6057,88645,1732,86913,158744,102594,4705,1390,370,475,38029,11181,6294,4887,4440204,4281460,158744,1929677,1769353,1584648,184705,146314,23389,7997,4640,2365,20400,19943,127,82,95,153,1198,1741,3692,42943,20648,69702,1728681,1135709,836598,299111,82763,216348,592972,491997,100975,3004004,32771,298,485,1087,1984,4879,4312,7057,17086,18828,86211,63815,76936,71826,41998,787966,203825,199735,428500,244802,415937,211163,53145,29358,4302315,334537,437543,217239,213552,298531,120248,2680665,1728681,152774,105004,100724,97642,94969,93022,85583,84813,73021,137713,169150,199666,129000,76995,67534,61071,48392,"Kentucky",0,0,2869,2532,729,1141,435,2832,2847,819,2701,0,523,933,2370,603,1144,272,901,2747,268,2703,523,2705,731,447,126,351,2588,909,776,667,0,523,523,6494,7039,7245,3460,3236,1200,660,607,366,1030,999,72,58,60,76,246,283,427,1455,1183,1820,5065,4851,5899,3571,2280,3039,4575,4589,2177,1403,1364,94,148,266,318,499,514,602,963,1078,1815,1974,2182,2105,1297,5901,2896,2804,5786,3555,4593,3171,1382,1167,1358,7226,8836,5284,5412,6239,3915,13939,5065,2415,2162,2408,2124,2216,1979,1568,1947,1850,2460,2607,2866,2641,1873,1692,1342,291
"G220","2014-2018",,,"Louisiana","22",,,,,,,,,,,,,,,,,,,,,,,,,,,,,,"Louisiana",4663616,4663616,2901106,1502916,26272,79872,1468,60419,91563,8858,82705,4663616,4428696,2744265,1492230,24014,79137,1154,8905,78991,2194,76797,234920,156841,10686,2258,735,314,51514,12572,6664,5908,4663616,4428696,234920,2007599,1847379,1660274,187105,139278,28876,11098,4510,3343,25582,23711,1304,234,107,226,1948,2486,10474,36198,23242,60290,1736021,1113951,751595,362356,88389,273967,622070,524332,97738,3107941,36825,570,327,1642,1870,6373,4741,8940,22908,24783,49239,64539,93018,102798,53387,889374,166394,169443,486729,186448,483170,173858,51432,29133,4531598,393480,484914,248588,227702,309236,126005,2741673,1736021,167068,108333,107587,104135,97404,87724,77778,77475,69014,126646,154607,188543,131031,82248,81945,74483,47942,"Louisiana",0,0,2870,2800,1010,1239,276,2797,3183,1056,3204,0,422,935,2611,909,1104,234,1044,3119,439,3073,422,2875,1353,394,327,167,2733,1260,945,916,0,422,422,6988,7316,8018,3975,3222,1860,1121,585,422,1394,1403,214,109,79,112,359,394,776,1823,1264,1960,5617,6866,6054,4367,2418,3558,4899,4564,2255,1238,1567,185,134,279,352,694,447,765,1140,1384,1788,1996,2669,2791,1896,7216,3036,3342,5320,3993,6650,3716,1803,1117,1272,8510,9734,6193,7641,7126,5050,14001,5617,3036,2155,2297,2273,2192,2002,2123,1860,1832,2568,2356,3353,2473,2066,2100,1944,363
"G230","2014-2018",,,"Maine","23",,,,,,,,,,,,,,,,,,,,,,,,,,,,,,"Maine",1332813,1332813,1259217,17881,8302,14917,318,2970,29208,1297,27911,1332813,1311392,1244525,16990,7722,14814,258,843,26240,379,25861,21421,14692,891,580,103,60,2127,2968,918,2050,1332813,1311392,21421,651799,574444,511466,62978,51040,7023,2159,1097,1659,4159,3384,49,132,179,415,1561,927,2729,25602,4852,37525,556955,347959,272403,75556,24867,50689,208996,163114,45882,967897,5409,199,93,147,162,375,527,902,1790,2733,14094,10002,14335,13563,10095,260693,47320,59404,130205,96570,190172,78014,18281,12812,1296990,64480,97263,56084,57443,82270,36345,903105,556955,33789,30791,29911,27098,27207,28358,26883,24690,23151,45847,59728,74153,49024,27811,25562,22952,55425,"Maine",0,0,624,741,527,527,106,447,981,328,945,0,0,306,714,457,523,103,277,919,149,892,0,563,272,220,58,59,396,458,274,446,0,0,0,3123,2718,2882,1880,1578,616,311,267,320,469,441,30,84,77,106,405,190,400,1028,479,1004,2215,2274,2225,1629,877,1346,2375,2179,1386,417,461,91,49,76,76,146,143,186,353,374,744,560,868,1005,654,2444,1352,1334,2398,1968,2257,1873,908,691,605,2412,2918,2674,2549,2983,1824,5554,2215,1144,1067,985,1096,985,1114,952,1089,923,1234,1453,1821,1470,1002,929,956,588
"G240","2014-2018",,,"Maryland","24",,,,,,,,,,,,,,,,,,,,,,,,,,,,,,"Maryland",6003435,6003435,3373181,1788090,15644,374277,3059,249815,199369,23951,175418,6003435,5414523,3084868,1759438,10949,371981,2265,19368,165654,7236,158418,588912,288313,28652,4695,2296,794,230447,33715,16715,17000,6003435,5414523,588912,3021967,2506407,2233034,273373,208320,37430,14112,8789,4722,258397,122601,1602,111886,21835,473,7710,2553,10199,70350,23926,142425,2192518,1466554,1053860,412694,105838,306856,725964,591551,134413,4114858,49217,1085,1082,2027,4674,9076,6694,9897,30944,15136,34291,49308,63545,66849,65932,894293,127554,244463,534708,273518,877641,522662,124561,105701,5862050,267774,285722,170309,188100,276875,117016,4556254,2192518,103376,63381,65727,66417,71878,73649,72866,76848,69274,149066,201098,286460,238462,174830,222637,256549,81868,"Maryland",0,0,5515,3569,1187,2285,505,5991,4415,1670,3966,0,0,1270,3235,678,2153,286,1778,3752,961,3673,0,5586,1972,872,469,364,5998,2168,1425,1348,0,0,0,6485,7636,7075,4234,3508,1650,884,930,469,3596,2839,315,2208,975,123,776,331,618,2067,1383,2607,5412,6220,6639,3519,2110,3164,4501,3961,2233,587,1737,210,263,411,603,894,702,738,1745,1084,1459,1706,2107,2011,1752,7325,2935,3502,5568,3589,6053,5038,2581,2490,1430,5026,8217,4716,7308,6471,3826,14866,5412,2233,1868,2022,1784,1730,1803,1730,1833,1899,2547,3378,3080,3298,2899,3109,3417,431
"G250","2014-2018",,,"Massachusetts","25",,,,,,,,,,,,,,,,,,,,,,,,,,,,,,"Massachusetts",6830193,6830193,5360006,510558,14493,442574,2329,284740,215493,33401,182092,6830193,6041066,4930412,463796,8890,440336,1698,53268,142666,14354,128312,789127,429594,46762,5603,2238,631,231472,72827,19047,53780,6830193,6041066,789127,3500223,2721039,2458064,262975,205921,33260,12026,6842,4926,358143,118713,7175,168360,60504,3391,8352,2932,29651,171603,32469,176034,2601914,1651808,1224142,427666,109720,317946,950106,743506,206600,4748795,68153,842,1099,2469,5147,10665,17179,14989,28556,16803,48303,49215,62015,60121,68804,1019399,131447,228477,512307,365103,1128877,637628,141903,129294,6593960,333853,376452,207251,199134,287170,122836,5067264,2601914,141665,117095,99967,96039,90190,92898,84349,87098,77960,159016,223272,311620,262710,199140,247215,311680,77378,"Massachusetts",0,0,7315,4376,1150,2114,440,7372,5035,2008,4993,0,320,2445,2882,709,2121,364,3281,3762,1346,3581,320,6443,2885,982,424,211,6043,3413,1466,3302,0,320,320,8983,9285,9516,4858,4437,1774,972,756,519,4211,3159,690,3215,1666,371,698,455,1321,3058,1575,2721,4637,5930,7624,4464,2691,3844,5256,4550,3096,565,2335,209,249,409,666,731,1194,1103,1454,953,1910,1635,1663,1818,1971,8635,2857,3216,5518,4355,7712,5760,2599,2915,1262,7935,7099,5918,5087,6512,3725,14523,4637,2941,2460,2016,2028,2140,1894,2065,2061,1814,2813,2911,3080,3077,2848,3202,3245,425
"G260","2014-2018",,,"Michigan","26",,,,,,,,,,,,,,,,,,,,,,,,,,,,,,"Michigan",9957488,9957488,7818588,1375424,53235,304403,2979,119141,283718,25580,258138,9957488,9459591,7489371,1360345,45772,303059,2464,14334,244246,6635,237611,497897,329217,15079,7463,1344,515,104807,39472,18945,20527,9957488,9459591,497897,4504994,4110477,3714050,396427,309901,52093,19241,9753,5439,61568,59491,427,845,336,469,5082,4067,19549,101150,28104,174997,3909509,2514380,1851321,663059,185523,477536,1395129,1146430,248699,6772215,72034,1177,1279,1349,3087,5549,5225,9598,24173,14817,61922,70754,122941,140989,106642,1695208,271601,515266,1074799,636753,1179677,559642,118563,79170,9731374,654072,802936,432134,421839,614636,252254,6553503,3909509,270974,182415,193595,200896,194588,201336,185299,189195,166406,318176,400946,485187,329368,202211,201893,187024,54938,"Michigan",0,0,4309,3571,1794,1918,372,4383,5010,1526,4648,0,71,1062,3492,1315,1909,351,1208,4439,675,4324,71,4022,1292,962,243,145,3985,1982,1327,1309,0,71,71,9085,8819,8490,4658,3959,1764,1064,761,499,1815,1811,140,217,94,144,543,392,919,1945,1106,2632,9207,7888,9502,4664,2669,4094,5365,5600,2818,832,1885,213,209,285,403,513,477,608,1111,762,1943,1940,2721,2758,2021,9064,2940,5544,6905,4629,6732,5669,2087,1713,1560,8377,10132,7356,8027,8218,5570,20517,9207,2738,2828,2544,2458,2914,2701,2086,3016,2296,3776,3164,3790,3761,2876,2293,2159,166
"G270","2014-2018",,,"Minnesota","27",,,,,,,,,,,,,,,,,,,,,,,,,,,,,,"Minnesota",5527358,5527358,4606044,342186,58982,262359,2187,97833,157767,13309,144458,5527358,5234594,4438071,336505,53168,260797,1799,7021,137233,3286,133947,292764,167973,5681,5814,1562,388,90812,20534,10023,10511,5527358,5234594,292764,2879806,2488145,2243581,244564,188406,32398,12849,7018,3893,103390,93750,1918,4242,3216,264,2632,4209,22023,78319,18148,162940,2167801,1395514,1103647,291867,93217,198650,772287,615196,157091,3731762,44273,567,595,1100,1824,3322,2949,3187,13042,5481,32902,24429,36412,45475,46843,814573,115485,250536,541561,424424,871363,315403,81713,54303,5403634,237017,310425,189745,190884,279186,121778,4074599,2167801,95813,84069,80874,87853,87858,89569,88183,91810,83183,165587,224732,303935,221933,151454,156891,154057,68411,"Minnesota",0,0,3540,2773,1202,1685,326,3577,3826,1168,3541,0,77,845,2742,1023,1627,292,905,3436,578,3339,77,3385,904,655,388,142,3448,1228,866,1005,0,77,77,6384,6475,6287,3504,2785,1323,775,564,542,2077,2155,261,470,329,90,386,398,923,1742,820,2844,5845,6100,7210,2991,1834,2645,4306,3963,2074,817,1489,141,184,249,310,454,354,462,775,579,1235,1034,1179,1278,1346,5744,1781,2764,4126,3569,5927,3446,2138,1282,1133,5316,6712,4076,4888,5452,3498,11923,5845,1904,1630,1521,1724,1653,1673,1845,1564,1766,2313,2745,2635,2595,2244,1824,1882,276
"G280","2014-2018",,,"Mississippi","28",,,,,,,,,,,,,,,,,,,,,,,,,,,,,,"Mississippi",2988762,2988762,1751193,1125834,13689,28313,707,28833,40193,3550,36643,2988762,2898269,1696952,1121752,12990,28170,654,2858,34893,856,34037,90493,54241,4082,699,143,53,25975,5300,2694,2606,2988762,2898269,90493,1215697,1148639,1037238,111401,84813,16159,5263,2628,2538,3393,3136,37,27,34,159,522,1104,1233,17028,15999,27779,1105576,740268,491943,248325,53350,194975,365308,317826,47482,1967314,25771,316,379,696,1682,3578,3735,5285,14309,14786,35278,43121,59762,68510,39137,474505,122059,116918,323976,184334,266274,116055,27736,19112,2890347,275272,324523,178262,162053,221576,83761,1644900,1105576,113175,76319,74327,68278,65117,61203,54498,53790,47283,84396,102096,123926,73926,40786,36688,29768,43567,"Mississippi",0,0,2016,2304,739,831,205,1738,2362,554,2361,0,722,439,2388,656,816,198,636,2249,275,2263,722,1963,809,250,103,47,1666,701,465,589,0,722,722,6668,6650,6780,2705,2450,1139,546,419,420,477,455,31,42,38,100,178,266,287,860,1034,1254,4591,4546,4323,3182,1957,2714,3706,3722,1600,1317,1227,128,150,285,323,420,388,663,822,941,1433,1605,1936,2243,1333,6022,2652,2869,4388,2841,3998,2724,1256,991,856,7237,7002,5803,5658,6550,4194,12296,4591,2676,2000,2100,2099,1765,1911,1821,2000,1590,2050,2608,2248,2111,1535,1366,1211,395
"G290","2014-2018",,,"Missouri","29",,,,,,,,,,,,,,,,,,,,,,,,,,,,,,"Missouri",6090062,6090062,5008342,704896,26952,116720,6662,71162,155328,11364,143964,6090062,5840957,4848330,699730,23566,115311,6037,9826,138157,2862,135295,249105,160012,5166,3386,1409,625,61336,17171,8502,8669,6090062,5840957,249105,2855663,2588131,2338107,250024,197852,30070,12789,5774,3539,40311,36497,447,2559,635,173,2536,3338,6147,55495,21955,137750,2396271,1540575,1152270,388305,107055,281250,855696,702904,152792,4124838,33534,542,679,691,1243,2787,2696,4851,12753,9501,65092,53296,87790,95141,59933,1076664,189766,298310,624735,323751,729543,329182,72419,49939,5907190,363015,474915,276551,264510,399070,169187,3959942,2396271,158836,118404,122333,127388,124137,129224,119243,120404,104302,195669,249084,300226,195077,115715,111519,104710,53560,"Missouri",0,0,3253,2524,1077,1479,659,3133,3655,1145,3431,0,258,1169,2562,991,1398,655,1373,3173,567,3077,258,2986,727,581,338,247,2632,1309,979,963,0,258,258,7320,8198,7930,3872,3513,1377,1074,586,406,1817,1725,138,407,159,74,445,396,491,1921,1189,2558,6753,6545,7526,4490,2432,3261,5386,5381,2702,1462,1200,142,169,204,224,415,392,560,912,620,1527,1779,2175,2437,1587,7390,2695,3987,5802,3528,7396,4176,1892,1445,1562,7670,8122,6004,6366,6939,5065,16611,6753,2947,2527,2350,2233,2070,2064,2278,2131,2061,2601,3000,3645,2728,2121,2049,1812,221
"G300","2014-2018",,,"Montana","30",,,,,,,,,,,,,,,,,,,,,,,,,,,,,,"Montana",1041732,1041732,925642,4630,67289,7947,757,6032,29435,1798,27637,1041732,1002713,898953,4348,64643,7806,706,486,25771,495,25276,39019,26689,282,2646,141,51,5546,3664,1303,2361,1041732,1002713,39019,499849,426229,378154,48075,35214,7476,3328,1126,931,3852,3702,14,34,7,95,312,842,6305,25889,3917,32503,423240,260229,208772,51457,17551,33906,163011,130033,32978,714267,3151,73,110,118,71,177,123,115,906,1257,8219,5420,9196,11682,7990,175345,33551,48081,121715,64097,148624,52011,13166,9069,1016407,60777,78286,51207,47346,72351,31257,675183,423240,27058,22449,21411,23392,23565,23372,21503,21227,18170,35694,45157,51580,34101,19422,18200,16939,52559,"Montana",0,0,1128,379,1157,472,171,764,1212,320,1159,0,84,234,317,1013,484,168,193,1129,173,1098,84,1083,173,503,72,46,714,477,258,388,0,84,84,2992,2967,3196,1857,1610,719,484,224,200,436,428,22,42,10,56,154,189,598,1039,396,1198,2033,2518,2180,1492,879,1116,2369,2136,1263,774,311,44,57,65,77,70,70,63,213,270,588,447,593,752,532,2595,1211,1355,2058,1776,2617,1403,795,672,675,2551,2726,2781,2198,2776,1809,5317,2033,1121,904,1048,931,980,878,858,948,809,1188,1418,1245,1212,847,797,762,587
"G310","2014-2018",,,"Nebraska","31",,,,,,,,,,,,,,,,,,,,,,,,,,,,,,"Nebraska",1904760,1904760,1666463,90860,17282,44105,1392,36058,48600,5440,43160,1904760,1701479,1512314,88442,13918,43839,1091,1982,39893,785,39108,203281,154149,2418,3364,266,301,34076,8707,4655,4052,1904760,1701479,203281,980914,892182,803715,88467,66514,12859,5605,2525,964,6531,6131,107,130,38,125,641,1142,4198,26141,6535,43544,754063,484034,379707,104327,31450,72877,270029,219665,50364,1242463,14848,294,354,578,1189,2324,1731,2200,9892,3036,12782,12395,14933,18242,15941,283361,43188,93059,192857,130043,258291,92723,21949,16253,1850245,90684,123106,79463,75339,119961,52049,1309643,754063,40512,31484,33014,36057,36302,37232,36912,35040,32310,63275,82615,103433,71539,42044,38623,33671,59116,"Nebraska",0,0,2861,1359,866,900,245,2562,1983,809,1743,0,35,436,1204,563,886,199,413,1567,240,1554,36,2776,457,584,132,132,2494,968,715,599,0,35,36,3351,3339,3202,2037,1797,776,550,420,198,485,477,76,65,27,70,171,207,499,895,553,1256,2749,2568,2831,1722,990,1519,2257,2232,1132,734,855,180,133,259,278,357,316,334,697,423,783,679,749,924,760,2752,1163,1642,2336,1934,2903,1926,866,739,784,3000,3554,2852,2422,4054,2785,6426,2749,1308,948,1023,1083,1185,1212,1406,1165,1001,1331,1585,1750,1340,1191,1164,925,346
"G320","2014-2018",,,"Nevada","32",,,,,,,,,,,,,,,,,,,,,,,,,,,,,,"Nevada",2922849,2922849,1935103,261123,35845,234693,19352,296234,140499,23442,117057,2922849,2091252,1458093,249967,26355,229928,17703,8693,100513,2615,97898,831597,477010,11156,9490,4765,1649,287541,39986,20827,19159,2922849,2091252,831597,1351950,1196476,1056958,139518,106309,19212,7113,4757,2127,46574,45986,204,270,45,69,936,4435,5242,25750,18999,53538,1075930,683185,477255,205930,68216,137714,392745,307649,85096,2001450,32255,399,619,1091,2473,6471,4203,7284,35153,7743,16212,32977,31574,42967,52742,483098,80131,149930,365081,163699,317510,116743,32676,18419,2881404,183649,209782,142183,139395,204346,88237,1913812,1075930,66099,42870,46175,52503,52723,55785,52494,52288,46946,89534,116327,143651,94826,56822,56228,50659,57598,"Nevada",0,0,5795,2592,1365,2272,634,6291,4035,1673,3640,0,0,837,2226,823,2146,556,1072,3351,429,3338,0,5643,1164,1197,737,379,6142,2349,1599,1660,0,0,0,5308,6053,6487,3740,3067,1267,804,641,358,2048,2064,119,118,42,50,220,495,582,1334,1151,1663,3357,3919,4060,2948,2058,2599,3477,3146,1707,398,1366,142,206,250,387,711,440,709,1555,666,1071,1410,1348,1474,1450,4928,2011,3131,4538,2531,4126,2379,1050,771,891,4778,6173,4461,4917,6076,4373,10633,3357,1726,1450,1509,1706,1260,1403,1773,1603,1489,1800,2425,2577,1835,1472,1643,1305,408
"G330","2014-2018",,,"New Hampshire","33",,,,,,,,,,,,,,,,,,,,,,,,,,,,,,"New Hampshire",1343622,1343622,1250014,20516,2090,36124,359,6629,27890,2657,25233,1343622,1295266,1214547,17622,1838,35848,270,1323,23818,845,22973,48356,35467,2894,252,276,89,5306,4072,1812,2260,1343622,1295266,48356,707037,627473,571653,55820,44710,7034,2554,932,590,5806,4727,161,204,654,60,604,977,1833,19003,6079,45262,528078,348905,277398,71507,23544,47963,179173,137426,41747,952115,5568,147,182,121,187,506,463,805,1809,2317,9071,8978,12884,12956,11613,223340,39665,58100,119591,96387,213277,101226,19032,13890,1300664,46012,56340,35153,38028,58680,26844,1039607,528078,19962,17120,19075,19686,19732,21875,19149,19683,18692,38093,54158,73982,58038,39393,44900,44540,74057,"New Hampshire",0,0,1368,952,304,772,150,844,1244,498,1115,0,209,471,722,290,770,86,407,1031,268,1021,209,1250,661,122,145,122,734,665,429,555,0,209,209,3405,3488,3254,1785,1384,756,472,287,165,627,584,129,83,186,38,174,243,308,1005,561,1460,2194,2183,2717,1789,1100,1537,2057,1998,1368,482,477,82,114,98,103,183,190,187,327,391,646,770,978,788,694,3307,1430,1607,2320,1728,2907,2199,1035,768,477,1939,2557,2091,2177,2640,1808,5240,2194,998,814,851,959,889,955,968,893,1021,1357,1494,1862,1637,1267,1260,1217,714
"G340","2014-2018",,,"New Jersey","34",,,,,,,,,,,,,,,,,,,,,,,,,,,,,,"New Jersey",8881845,8881845,6031747,1196764,18649,832403,3357,567976,230949,53267,177682,8881845,7113825,4960005,1129257,9599,826944,2255,36881,148884,14595,134289,1768020,1071742,67507,9050,5459,1102,531095,82065,38672,43393,8881845,7113825,1768020,4303118,3416225,3071526,344699,250730,49270,21321,13770,9608,494549,266138,3918,88728,125090,10675,14179,2305,12560,125663,49207,188430,3213362,2222368,1646548,575820,155843,419977,990994,829344,161650,6129542,82079,1358,1033,2798,6446,14158,17306,23073,63435,22576,68955,64541,80568,89509,103278,1530024,153544,309670,710066,401069,1457910,671274,158342,96530,8707826,402248,501884,292679,279875,412113,166794,6652233,3213362,165332,106777,118201,121047,115724,113182,107671,106659,98978,200582,279210,389646,322775,240597,310244,416737,79363,"New Jersey",0,0,10067,4168,1458,2588,458,10632,5331,2419,4428,0,0,1670,3129,636,2549,218,2145,3773,1296,3467,0,10049,2926,1310,752,361,10446,3589,2119,2698,0,0,0,9142,9614,8945,5727,4277,1936,1329,1214,793,5347,4126,483,2140,2620,704,1161,396,883,2931,1810,3281,6651,7874,9559,5695,3140,4358,5740,5601,2523,409,2355,251,201,416,618,1116,1146,1221,2623,1342,2209,1959,2047,2235,2454,12472,2942,5139,5755,4375,8080,5993,2247,2131,1216,8884,8505,7177,7211,9319,4953,20406,6651,2692,2148,2351,2538,2613,2286,2468,2476,2393,3061,3515,3878,3932,3351,4256,4224,386
"G350","2014-2018",,,"New Mexico","35",,,,,,,,,,,,,,,,,,,,,,,,,,,,,,"New Mexico",2092434,2092434,1558886,43006,199896,31513,1514,190111,67508,23752,43756,2092434,1076683,788308,38016,183408,29571,1046,4056,32278,1754,30524,1015751,770578,4990,16488,1942,468,186055,35230,21998,13232,2092434,1076683,1015751,880271,794374,706167,88207,65854,12845,5113,2906,1489,10139,8942,77,72,1006,42,192,2269,5802,18023,7004,42468,775651,492776,342830,149946,44469,105477,282875,236373,46502,1394280,17383,404,325,782,2016,5977,3606,5358,24840,7415,18617,27363,32409,36887,22176,303626,64861,85994,241381,114664,213129,116002,23589,25476,2050855,181232,229157,121140,115813,149573,62491,1191449,775651,71461,46565,45977,46783,43912,40663,37203,34927,33099,61051,73430,87444,58236,33084,32953,28863,48059,"New Mexico",0,0,5209,1312,1672,1132,339,4935,2907,1689,2222,0,0,639,1067,1162,1019,227,640,1896,344,1831,0,5165,803,1396,502,217,4861,1841,1653,1250,0,0,0,4169,4581,4697,2566,1966,847,604,560,277,947,917,63,50,219,41,83,306,579,1145,726,1598,3254,3146,3353,2598,1540,2138,3530,3350,1477,951,1035,170,113,230,294,667,518,490,1336,655,1192,1592,1391,1328,1205,4251,1934,2333,4081,2737,3285,2409,1007,1008,691,5284,5801,4690,4621,4633,3182,8702,3254,1746,1463,1854,1411,1545,1304,1303,1324,1288,1565,2000,1992,1473,1097,1282,1051,438
"G360","2014-2018",,,"New York","36",,,,,,,,,,,,,,,,,,,,,,,,,,,,,,"New York",19618453,19618453,12514949,3068099,79644,1630341,8017,1718220,599183,146584,452599,19618453,15912865,10959534,2808679,46139,1616028,5591,105032,371862,36006,335856,3705588,1555415,259420,33505,14313,2426,1613188,227321,110578,116743,19618453,15912865,3705588,9246571,5515207,4913896,601311,457762,78364,34011,18855,12319,2591512,533192,9868,1773088,263228,12136,55560,6891,63313,569444,55475,389169,7316537,4634204,3232009,1402195,363682,1038513,2682333,2176387,505946,13606342,264723,3031,4148,9451,19555,40742,39372,70458,159361,65241,181095,202510,226380,251883,301899,3020851,535400,634196,1503643,1184265,2748577,1541679,390755,207127,19108993,1260700,1537285,811241,767466,1064207,435211,13232883,7316537,492408,378399,325767,318683,301819,300327,275108,279709,243067,492299,648570,868488,658357,466265,554471,712800,65323,"New York",0,0,16549,7383,2869,4603,797,20125,9680,4441,8151,0,0,2748,4596,1401,4456,677,4281,6041,2037,5745,0,15982,6235,2773,1319,482,19089,5982,3707,4876,0,0,0,17007,14291,12163,6929,5893,2208,1679,1183,1006,10583,6107,1003,9093,4434,915,2043,572,1966,6975,2124,4691,13711,14232,16737,7797,4674,5683,8450,8014,4759,993,4382,409,495,981,1102,1777,1733,2395,3117,2159,3716,3972,3370,3260,4154,18941,5410,6632,9534,7082,13037,11903,4403,3702,2216,15799,15645,12266,10315,13961,7501,35687,13711,5214,3977,4093,3804,4193,3950,3431,3434,2946,5084,4300,7268,5530,5399,5334,7070,270
"G370","2014-2018",,,"North Carolina","37",,,,,,,,,,,,,,,,,,,,,,,,,,,,,,"North Carolina",10155624,10155624,6994240,2179622,121352,282264,6939,307906,263301,27712,235589,10155624,9219674,6433039,2146254,111360,280059,5677,22615,220670,6741,213929,935950,561201,33368,9992,2205,1262,285291,42631,20971,21660,10155624,9219674,935950,4660377,4215826,3781646,434180,332418,59507,21656,12289,8310,47381,42455,832,2523,1233,338,4815,5761,9824,85152,38580,253038,3918597,2573526,1886087,687439,173471,513968,1345071,1113548,231523,6881774,82023,1414,1111,2743,6552,13638,11810,20517,56376,36594,90138,135505,162954,155026,93465,1482960,297293,434625,1045166,652658,1345846,543580,116857,92923,9881292,663550,860399,510878,491861,701201,285781,6367622,3918597,266502,212515,207195,210335,210982,209328,193292,196956,167230,320322,387786,471985,303156,185224,183853,191936,52413,"North Carolina",0,0,7853,5653,1559,1935,674,7857,6193,1949,5679,0,99,1516,4749,1289,1938,507,2111,5381,769,5344,99,7378,2505,1362,418,373,7367,2446,1699,1623,0,99,99,10612,10901,10302,5585,4955,2235,1457,1022,767,1439,1402,208,359,243,128,611,537,794,2360,1817,4192,8585,10078,11207,5257,3676,4306,5616,5643,3232,1458,2058,297,260,353,653,931,895,1015,1999,1653,2099,3253,3745,3506,2131,9928,3964,6252,9052,5984,10152,6224,2519,2421,1522,10829,10675,10319,10282,12147,6646,25233,8585,3364,3109,2621,3206,3183,3217,3435,3294,2750,4284,4126,4959,3555,3256,2862,2986,224
"G380","2014-2018",,,"North Dakota","38",,,,,,,,,,,,,,,,,,,,,,,,,,,,,,"North Dakota",752201,752201,655268,20445,39462,10814,378,7528,18306,1197,17109,752201,725672,639477,20113,38308,10664,366,972,15772,201,15571,26529,15791,332,1154,150,12,6556,2534,996,1538,752201,725672,26529,398937,359759,325252,34507,25195,5439,2152,1043,678,2150,1980,40,21,74,35,302,358,1485,13631,2329,18923,314903,188288,151214,37074,13122,23952,126615,98845,27770,490233,3019,59,93,33,105,185,178,311,851,855,10014,3654,5735,6201,5501,113235,18029,30831,79736,67212,105552,26902,6962,4980,727322,39838,39432,27124,24955,36522,18440,541011,314903,18064,13227,13158,12633,14064,13846,13219,13791,12919,24633,32414,45061,31435,20415,18541,17483,63473,"North Dakota",0,0,1118,779,725,486,154,977,1197,393,1140,0,106,485,767,687,497,154,499,1072,94,1065,107,969,130,290,84,19,860,581,388,418,0,106,107,2364,2175,2323,1105,905,580,355,203,163,322,316,42,16,80,22,142,99,322,726,316,877,1937,1839,1719,1299,776,1004,1999,1875,1133,659,387,62,67,32,58,65,104,150,197,199,599,417,454,515,474,1811,864,1058,1674,1537,1858,991,689,427,395,1865,1809,1933,1405,1940,1515,4034,1937,791,836,670,629,815,838,652,814,814,1121,1156,1345,1152,855,962,765,688
"G390","2014-2018",,,"Ohio","39",,,,,,,,,,,,,,,,,,,,,,,,,,,,,,"Ohio",11641879,11641879,9489832,1438271,23563,249741,3591,109792,327089,26734,300355,11641879,11210552,9220638,1418048,17723,247987,3055,18848,284253,6890,277363,431327,269194,20223,5840,1754,536,90944,42836,19844,22992,11641879,11210552,431327,5442764,4949445,4526389,423056,330803,51988,18620,12959,8686,87570,83286,954,2231,613,486,5501,4616,16359,121728,37230,220315,4654075,2953760,2145423,808337,219756,588581,1700315,1410748,289567,7937085,68548,1077,887,1370,2928,5768,5063,7014,18245,18715,93705,91594,154583,189952,126711,2333362,306116,543607,1080640,681630,1370810,613112,133086,88562,11319092,750715,895271,483340,479539,709431,299529,7701267,4654075,333406,226269,234656,241376,232036,238321,218745,224516,195864,374620,479196,586108,392130,241243,226944,208645,54533,"Ohio",0,0,3876,4428,1225,2128,434,3911,5261,1775,4987,0,293,1492,4353,953,2081,386,1650,4991,1053,4692,293,3668,1463,893,329,172,3558,1974,1438,1665,0,293,293,10571,11535,11184,5284,4411,1923,1195,970,656,2477,2429,166,277,162,139,574,427,1064,2631,1565,3500,10201,9256,11965,6827,3290,5595,6649,6674,3254,1257,1895,215,174,251,428,750,522,678,1084,884,1818,2302,3187,3645,2721,12355,4400,5849,8323,5868,8890,6717,2398,2027,1839,10354,12980,8915,7631,10259,7655,23286,10201,2949,2626,3295,3074,3347,2956,3501,2973,2831,3597,4666,4860,3747,3215,3233,2938,167
"G400","2014-2018",,,"Oklahoma","40",,,,,,,,,,,,,,,,,,,,,,,,,,,,,,"Oklahoma",3918137,3918137,2837772,287959,294676,83392,4471,106757,303110,15080,288030,3918137,3510616,2586110,282622,280638,82318,3982,4790,270156,2383,267773,407521,251662,5337,14038,1074,489,101967,32954,12697,20257,3918137,3510616,407521,1748344,1615004,1440542,174462,134848,23217,9056,5431,1910,7428,6831,197,73,112,215,1213,3041,4308,31322,15780,70248,1474620,975462,718745,256717,76016,180701,499158,414568,84590,2574001,25034,395,513,984,2008,4119,3285,5038,22959,10714,30704,42790,55258,68535,41452,677212,129195,191733,415100,198903,428829,157907,36285,25049,3802004,264018,343792,201321,203162,281194,112073,2396444,1474620,104686,79794,80385,81892,81511,79230,73745,73955,64010,121219,153601,179466,114397,65039,62455,59235,51424,"Oklahoma",0,0,3865,1848,2742,1137,545,3398,4246,1240,3957,0,0,626,1720,2635,1093,514,572,3712,551,3558,0,3816,622,1115,264,233,3348,1932,1110,1556,0,0,0,3884,4327,4652,2449,2297,951,746,599,289,606,647,119,56,55,109,324,340,369,1176,730,1545,3107,3716,3298,2967,1659,2239,3020,2760,1667,765,1116,132,144,183,353,421,434,478,1180,624,1218,1318,1364,1599,1254,4412,2262,2562,3453,2673,3975,2294,1151,986,857,4506,6478,4186,4430,5241,3021,9843,3107,1610,1748,1348,1526,1570,1573,1633,1629,1162,1782,1955,2341,1658,1385,1226,1325,213
"G410","2014-2018",,,"Oregon","41",,,,,,,,,,,,,,,,,,,,,,,,,,,,,,"Oregon",4081943,4081943,3445933,77789,46961,174510,16006,127084,193660,20228,173432,4081943,3557987,3103557,74356,36776,172505,15301,6410,149082,2986,146096,523956,342376,3433,10185,2005,705,120674,44578,17242,27336,4081943,3557987,523956,1895393,1545544,1356677,188867,149842,23455,8847,4252,2471,85300,65312,8351,8646,2764,227,1813,4924,42256,71623,14170,129763,1591835,1005869,772458,233411,71845,161566,585966,439093,146873,2850693,30821,436,672,1458,2833,6033,3562,5917,23046,6850,23828,31477,39663,48210,49376,530622,125743,232529,499948,249852,583144,247490,62012,45171,4004544,249940,315307,186149,181530,255407,113868,2702343,1591835,95003,70503,74158,74284,78482,76181,70998,71889,64622,126644,166000,209965,142816,88215,90895,91180,59393,"Oregon",0,0,4552,1631,2043,1885,668,4467,3900,1851,3455,0,0,1164,1403,1501,1873,597,1118,2810,607,2784,0,4177,617,1246,461,327,4303,2518,1817,2040,0,0,0,5824,7031,6990,3917,3381,1146,942,657,416,2306,2264,761,742,376,91,428,488,1596,2218,1076,2793,4000,4521,5258,3160,1744,2859,3544,3618,2482,744,1451,150,174,395,396,697,431,784,1389,588,1438,1571,1748,1758,1488,5036,2755,3275,5441,3027,5345,3253,1825,1371,1416,5924,6519,5594,5283,5540,4420,12065,4000,1960,1883,1995,2076,1961,1897,1674,1880,1910,2423,2804,3113,2314,1761,1935,1887,384
"G420","2014-2018",,,"Pennsylvania","42",,,,,,,,,,,,,,,,,,,,,,,,,,,,,,"Pennsylvania",12791181,12791181,10341442,1423319,24847,427892,4107,258694,310880,38055,272825,12791181,11886025,9826865,1360576,14419,424597,2702,20860,236006,9675,226331,905156,514577,62743,10428,3295,1405,237834,74874,28380,46494,12791181,11886025,905156,6032013,5104953,4593109,511844,397988,63885,26506,14083,9382,337633,224086,7724,45705,59380,738,6457,5874,29823,223371,43478,280424,5025132,3232070,2408669,823401,230451,592950,1793062,1484446,308616,8921363,88991,1462,1246,2438,3913,9083,8564,12498,29487,23434,110048,105405,165795,180765,130889,2784595,349060,487407,939376,741590,1661705,774543,177901,131168,12380149,715672,863277,487992,488522,724475,311901,8788310,5025132,315702,227537,243269,240294,238838,236685,218023,219863,199038,393025,507643,646375,450266,288974,296797,302803,59445,"Pennsylvania",0,0,5470,5104,1794,2249,445,5426,5951,2177,5473,0,108,1448,4028,1003,2084,290,1761,4501,1090,4503,108,5399,3366,1245,606,387,5237,2995,1810,2289,0,108,108,12277,13009,12633,5394,4794,2236,1419,827,744,4937,4357,691,1591,1656,178,695,422,1455,4310,1498,4045,9263,10250,12997,6398,3332,4884,6911,7093,3583,1002,2198,276,246,354,556,718,701,838,1550,1172,1954,2689,2965,2938,2659,12305,3916,4584,7116,6045,8564,6969,3052,2467,2042,9509,13403,7610,8609,10347,6317,25865,9263,3705,3220,3057,2902,2769,2930,3155,2461,3138,3807,3675,5171,4368,3649,3212,3261,234
"G440","2014-2018",,,"Rhode Island","44",,,,,,,,,,,,,,,,,,,,,,,,,,,,,,"Rhode Island",1056611,1056611,854502,69254,5484,35663,863,58136,32709,7387,25322,1056611,897753,767727,59001,3708,35128,684,7090,24415,3145,21270,158858,86775,10253,1776,535,179,51046,8294,4242,4052,1056611,897753,158858,515872,457799,413105,44694,35302,5230,2024,1110,1028,12915,9388,39,418,3005,65,560,344,1770,18556,3498,20430,410885,255666,182276,73390,18624,54766,155219,126661,28558,733188,10680,153,93,687,1099,2437,3926,2399,4713,3362,8607,11618,13035,13466,11719,172787,34220,42214,90873,61136,145595,69830,15651,12888,1016029,56135,76920,39744,36519,58227,20480,728004,410885,27976,21929,18454,18404,16967,17116,16428,17307,12995,28967,38889,51575,40991,26330,29091,27466,63296,"Rhode Island",0,0,2988,1803,802,889,307,2932,1977,1141,1864,0,0,796,1171,535,856,274,999,1332,669,1407,0,2897,1429,571,252,137,2890,1233,783,953,0,0,0,2931,3415,3416,1942,1726,563,461,283,255,887,831,37,141,320,52,284,121,245,924,458,991,1911,1962,2044,1633,995,1429,1993,1878,1151,356,758,106,60,315,267,452,526,389,505,428,708,821,881,928,787,3176,1195,1542,2466,1649,2578,1941,716,950,462,2593,3162,2237,2352,2656,1959,5179,1911,1239,1022,887,946,1111,910,766,766,786,1084,1317,1814,1233,1037,957,957,705
"G450","2014-2018",,,"South Carolina","45",,,,,,,,,,,,,,,,,,,,,,,,,,,,,,"South Carolina",4955925,4955925,3332986,1339360,16686,75084,3004,78597,110208,11089,99119,4955925,4680240,3156973,1328352,14187,74278,2812,8584,95054,2193,92861,275685,176013,11008,2499,806,192,70013,15154,8896,6258,4955925,4680240,275685,2215014,2033156,1825021,208135,161362,28832,10324,4804,2813,11816,10457,147,601,180,431,2427,2995,5446,46140,21134,91900,1894711,1249795,892969,356826,84331,272495,644916,542317,102599,3385002,37099,881,431,1163,2286,5480,4507,7395,21399,19363,41634,59281,87421,87004,60426,847337,151122,202163,496341,324446,588965,250813,51051,36994,4814032,346252,424380,246724,243896,346593,146246,3059941,1894711,145418,104615,100493,105989,105418,102763,91395,91331,82675,154561,194100,229417,144972,83699,81237,76628,51015,"South Carolina",0,0,3149,3139,993,1271,495,3449,3416,1191,3213,0,94,826,2761,681,1243,472,1199,3151,638,3039,94,3168,1194,799,267,111,3268,1468,1035,924,0,94,94,8095,8277,8701,4246,3868,1501,1083,665,455,1032,996,91,161,106,212,393,361,411,1491,1154,2062,6012,7097,6880,4404,2425,3332,4817,4316,2192,783,1285,214,151,256,387,686,527,794,1165,1129,1832,2213,2535,2281,2044,6951,3050,4036,4978,3799,5752,4136,1636,1420,1142,7185,10958,7456,5739,7509,6087,17003,6012,2716,2400,2349,2464,2287,2415,2007,2233,1860,2748,2890,3461,2581,1927,2012,1807,271
"G460","2014-2018",,,"South Dakota","46",,,,,,,,,,,,,,,,,,,,,,,,,,,,,,"South Dakota",864289,864289,730062,16241,75331,12660,293,6613,23089,1193,21896,864289,832294,710810,15840,72263,12540,236,647,19958,109,19849,31995,19252,401,3068,120,57,5966,3131,1084,2047,864289,832294,31995,436525,388474,350530,37944,27975,6242,2099,1125,503,2448,2354,23,44,0,27,219,722,1643,15269,2694,25056,341565,216985,170352,46633,14849,31784,124580,102442,22138,567083,3834,63,49,162,215,388,405,296,1174,781,10525,5368,7934,9093,6657,147729,25533,36032,84293,65075,112426,34166,8813,6072,834921,52226,60918,33849,34789,52476,23925,576738,341565,19651,16586,15062,16097,16961,19342,16256,16431,15018,28790,37893,49022,30544,16219,14305,13388,56499,"South Dakota",0,0,1118,749,1181,479,100,838,1583,332,1586,0,223,338,724,1014,479,90,361,1496,71,1494,223,1032,135,426,82,38,744,502,324,411,0,223,223,2456,2599,2516,1137,958,536,311,303,146,500,488,20,44,22,31,109,166,268,817,329,992,2003,1903,1824,1261,767,982,1794,1791,856,678,391,51,45,75,147,183,154,95,236,140,676,422,553,560,478,2224,1040,1212,1850,1585,2149,1197,723,483,523,2321,2720,2079,1844,2436,1530,3844,2003,803,904,797,791,779,908,817,775,759,1032,1336,1202,1019,769,654,593,508
"G470","2014-2018",,,"Tennessee","47",,,,,,,,,,,,,,,,,,,,,,,,,,,,,,"Tennessee",6651089,6651089,5166231,1117489,17848,112915,3806,90666,142134,11728,130406,6651089,6298687,4924145,1107218,15172,112015,3318,9686,127133,3440,123693,352402,242086,10271,2676,900,488,80980,15001,8288,6713,6651089,6298687,352402,3003226,2772904,2503496,269408,207422,38912,13614,5500,3960,21786,20045,327,242,942,230,1706,3258,3915,39970,29035,130652,2567061,1695846,1241573,454273,117724,336549,871215,722285,148930,4530706,49403,689,747,1634,2580,8923,6684,9390,29684,24607,85259,74471,106559,116550,73090,1198201,269647,287384,655225,323928,762299,311861,76858,55033,6488786,451092,595416,337592,325447,456899,194542,4127798,2567061,190342,141456,143086,143310,141143,136061,130436,127042,108652,212139,260418,305237,193963,113288,109904,110584,50972,"Tennessee",0,0,4033,3465,1114,1485,507,3580,4315,1163,3720,0,309,1192,3096,977,1490,476,1291,3639,639,3444,309,3943,1469,610,273,208,3827,1568,1007,940,0,309,309,8994,9869,9644,5080,4345,1779,1067,603,548,986,969,114,99,261,110,314,411,444,1355,1552,2327,6524,7095,8314,4520,2705,4031,5669,5320,3165,1480,1762,176,185,349,436,758,631,661,1251,1222,2291,2287,2296,2771,1976,8688,3671,4390,5996,3939,6824,4049,1884,1707,1266,8023,10842,7623,8342,9649,5261,19531,6524,3283,2773,2975,2718,2715,2712,2516,2393,2367,3355,3559,3910,3296,2332,2236,1909,250
"G480","2014-2018",,,"Texas","48",,,,,,,,,,,,,,,,,,,,,,,,,,,,,,"Texas",27885195,27885195,20720689,3365783,136061,1308257,23672,1600234,730499,152824,577675,27885195,16963639,11807263,3269253,68452,1292813,20381,42354,463123,21662,441461,10921556,8913426,96530,67609,15444,3291,1557880,267376,131162,136214,27885195,16963639,10921556,12842820,11650999,10345804,1305195,970345,203572,75170,38541,17567,184848,159344,3492,9745,11223,1044,8363,19988,32418,196708,145444,604052,9553046,6629325,4812972,1816353,488202,1328151,2923721,2397543,526178,17815359,354158,3708,5076,21224,48787,104174,65989,101545,435436,119805,246209,455401,341190,386462,304268,3660917,787964,1106617,2785910,1261050,3409836,1321019,287320,201294,27264694,1792641,2421297,1391769,1371822,1890880,773709,17622576,9553046,609111,415778,431000,454863,460236,456584,419784,431876,372502,753148,942058,1168213,839610,552446,588275,657562,59570,"Texas",0,0,22200,6566,4902,4903,1173,19669,12865,6421,9863,0,206,2579,5872,1809,4791,1009,3075,7830,1694,7482,206,21998,4262,4314,1389,648,19212,7672,5715,4959,0,206,206,17436,20181,16606,14558,10486,5582,3005,2240,1154,3173,3047,537,695,823,243,738,1154,1453,3412,3393,6005,18343,19105,23549,9678,6231,7481,10635,10102,5529,2079,6370,458,640,1213,2217,3189,2180,3027,7832,3082,5076,7244,5625,5809,5197,21543,8205,13811,17480,10864,17076,11279,3895,3819,2529,20826,24069,17261,16506,23404,13443,50164,18343,5459,4616,4752,5432,5993,4958,4860,5054,5289,6137,8027,8635,7481,5068,5697,5833,209
"G490","2014-2018",,,"Utah","49",,,,,,,,,,,,,,,,,,,,,,,,,,,,,,"Utah",3045350,3045350,2632056,35862,32657,69810,27096,157990,89879,14964,74915,3045350,2623227,2394238,33713,28047,68747,26607,4802,67073,2038,65035,422123,237818,2149,4610,1063,489,153188,22806,12926,9880,3045350,2623227,422123,1433444,1248877,1088975,159902,118705,22814,10198,5209,2976,35349,21345,3441,3203,7222,138,490,4451,10555,36297,9159,88266,957619,716884,587505,129379,40763,88616,240735,184648,56087,1782065,14827,332,446,829,1293,2678,1571,2254,13664,3834,7806,16353,18483,28646,30344,355712,51612,141143,323812,173766,391237,144145,32078,25200,2997963,137839,172065,118629,123651,203966,87350,2154463,957619,40085,29541,30491,34642,38599,38728,40549,42498,38587,80778,112915,145363,104396,64513,61120,54814,68374,"Utah",0,0,4656,1234,1333,1343,1005,4563,2754,1376,2579,0,0,893,1120,907,1324,965,786,2098,503,2094,0,4506,580,899,295,145,4380,1662,1250,1286,0,0,0,4345,4407,5079,3200,2785,1306,914,615,425,1445,1105,409,455,567,72,183,455,655,1768,768,2205,2261,3150,3847,2400,1454,1845,2787,2554,1580,579,977,179,179,255,282,375,443,313,1114,520,682,1196,909,1150,1267,4406,1594,2887,3971,2956,3822,2787,1144,884,937,5040,5903,4543,3978,4970,3948,10665,2261,1512,1082,1172,1312,1176,984,1181,1204,1322,1686,2237,2495,2031,1366,1255,1268,437
"G500","2014-2018",,,"Vermont","50",,,,,,,,,,,,,,,,,,,,,,,,,,,,,,"Vermont",624977,624977,589546,8058,2106,10579,184,2426,12078,388,11690,624977,613300,581023,7602,1867,10541,170,898,11199,184,11015,11677,8523,456,239,38,14,1528,879,204,675,624977,613300,11677,321624,271998,244038,27960,22773,3388,929,409,461,3971,3637,25,215,64,30,229,337,2475,17852,2487,22275,259589,158406,124868,33538,10731,22807,101183,77381,23802,439695,2683,58,63,23,165,109,52,187,574,738,5535,3993,6883,6803,4841,112989,15183,23545,53652,37513,97034,47484,11287,8301,600334,29658,37376,23760,23352,36726,15241,434221,259589,12826,13380,12180,12483,11650,12759,11179,11121,10707,21360,27568,36469,24831,14831,13362,12883,60076,"Vermont",0,0,414,414,297,406,80,363,686,127,677,0,0,193,394,269,406,68,258,673,87,674,0,362,130,134,33,22,303,236,85,211,0,0,0,1780,1968,2034,1026,906,325,199,104,147,401,415,26,98,28,30,101,102,336,864,342,800,1229,1581,1395,1162,651,997,1621,1404,934,382,332,39,55,25,87,53,34,72,139,143,389,407,512,562,480,1650,671,818,1346,1103,1507,1187,556,463,363,1678,1814,1483,1476,1805,1295,3398,1229,748,614,759,630,718,696,627,523,653,810,904,1087,817,619,614,614,656
"G510","2014-2018",,,"Virginia","51",,,,,,,,,,,,,,,,,,,,,,,,,,,,,,"Virginia",8413774,8413774,5722660,1613285,22972,531503,5677,208464,309213,33041,276172,8413774,7642597,5233111,1582421,17747,526973,4740,21295,256310,8233,248077,771177,489549,30864,5225,4530,937,187169,52903,24808,28095,8413774,7642597,771177,4152433,3588194,3205870,382324,282010,62561,19020,10352,8381,184405,84111,658,82627,16479,530,8102,6102,17425,99787,40697,207721,3128415,2085245,1578357,506888,136383,370505,1043170,843863,199307,5730352,69818,1026,985,2363,4267,9522,9141,15918,40400,33752,61183,74634,101447,105589,82775,1154825,226255,346434,766185,436970,1244489,692598,144150,105626,8162107,425969,467611,285591,286599,432442,181618,6082277,3128415,165334,114411,113351,118126,120742,120540,116458,124993,111844,223854,299458,404293,307236,217713,255538,314524,71564,"Virginia",0,0,6402,5365,1339,3435,516,6457,6030,2400,5534,0,504,1233,4598,828,3342,427,1586,5272,1052,5299,504,6234,2067,1055,751,279,6117,2893,2137,1776,0,504,504,8682,11071,10333,5182,4526,2307,1251,840,607,2928,2522,180,1929,967,133,859,560,1031,2290,1655,3028,7210,7640,9199,4814,2770,3913,5291,5014,3305,1776,2227,202,227,380,590,855,649,1180,2124,1356,1930,2446,2723,2665,1936,9257,3490,4008,7244,3933,8391,6938,2746,2369,1377,8375,9445,7240,6850,8210,4638,20488,7210,2499,2108,2412,2473,2527,2399,2722,2354,2273,3387,3563,3682,3315,2957,2843,3294,326
"G530","2014-2018",,,"Washington","53",,,,,,,,,,,,,,,,,,,,,,,,,,,,,,"Washington",7294336,7294336,5545997,269854,95048,607429,48043,311170,416795,40641,376154,7294336,6382763,5039208,259482,80274,602020,46476,12077,343226,6662,336564,911573,506789,10372,14774,5409,1567,299093,73569,33979,39590,7294336,6382763,911573,3485339,2853633,2506808,346825,265507,43599,16872,12238,8609,225913,194937,1678,8499,10385,10414,3308,10909,30853,125965,27582,207176,2800423,1813296,1407804,405492,127803,277689,987127,751465,235662,5001943,57948,761,1126,2847,4939,11236,7425,10658,40485,11762,37943,48340,56876,70512,81863,917800,191216,375788,807708,501449,1104621,471410,109253,77977,7161708,377106,444515,255057,273495,395859,177498,5238178,2800423,144695,95789,99129,104429,107027,112120,110303,115143,105170,210273,286122,381845,281885,196331,215941,234221,70116,"Washington",0,0,7711,3222,2502,3029,1180,7412,5515,2309,4690,0,0,1154,2746,1720,3017,1121,1222,4201,817,4225,0,7426,1393,1648,647,322,7085,3288,2174,2165,0,0,0,7262,8786,9135,5108,4525,1803,1138,895,693,3424,3323,383,773,834,745,480,772,1301,2959,1323,2990,5474,6110,8241,4869,2232,3758,5461,5440,3360,907,2171,159,214,445,565,911,808,860,1590,986,1587,2011,1886,2064,2013,7615,2822,4289,6864,4392,7579,5168,2361,1989,1363,5807,8087,6631,6759,7904,6280,14975,5474,2968,2096,2325,2322,1977,2267,2293,2299,1991,2936,3306,3884,2877,2707,2748,2752,308
"G540","2014-2018",,,"West Virginia","54",,,,,,,,,,,,,,,,,,,,,,,,,,,,,,"West Virginia",1829054,1829054,1704345,66728,3668,14534,350,7290,32139,2028,30111,1829054,1801532,1684756,65597,3546,14353,309,3060,29911,865,29046,27522,19589,1131,122,181,41,4230,2228,1163,1065,1829054,1801532,27522,727792,667619,600897,66722,54033,8225,3001,745,718,6627,5615,48,175,747,42,309,402,1049,20940,6633,24213,734676,475835,358834,117001,34837,82164,258841,217917,40924,1292084,10152,182,215,302,408,944,1138,1973,6720,9247,26168,28681,37443,34952,15705,436424,87112,77117,163476,91975,158032,75727,16213,11778,1776501,135869,179595,95653,93720,132926,53847,1084891,734676,65896,45760,48995,48193,43670,41840,37184,36317,32269,59234,72500,80561,50327,28448,23866,19616,44921,"West Virginia",0,0,1292,1188,480,605,123,1039,1259,414,1204,0,460,942,1114,476,592,127,779,1233,326,1189,460,900,384,76,143,44,643,419,302,258,0,460,460,4417,4260,4296,2158,2077,777,460,201,167,609,569,45,75,150,33,107,132,241,968,473,1158,2910,3141,3109,2278,1162,2165,2963,2797,1305,831,664,89,112,138,134,182,255,341,619,692,1119,1372,1479,1024,754,4640,2264,1903,2773,1894,2986,1806,896,696,743,4317,4145,3547,3948,3780,2461,9242,2910,1819,1451,1503,1413,1572,1468,1304,1236,958,1694,1536,1779,1472,1125,1083,862,470
"G550","2014-2018",,,"Wisconsin","55",,,,,,,,,,,,,,,,,,,,,,,,,,,,,,"Wisconsin",5778394,5778394,4945966,368744,50422,159356,1975,115941,135990,16414,119576,5778394,5392615,4711038,361909,46149,158198,1676,4807,108838,2711,106127,385779,234928,6835,4273,1158,299,111134,27152,13703,13449,5778394,5392615,385779,2920388,2601098,2369044,232054,182071,30266,10673,5915,3129,51391,49533,175,281,1148,254,3047,5393,20309,89410,18256,131484,2343129,1484455,1147230,337225,107700,229525,858674,683448,175226,3930889,34730,474,569,958,1292,3265,2976,3461,13371,5643,41688,31383,50264,65341,61759,1077539,139031,264540,549888,422227,762210,285851,66358,46071,5628213,288910,379310,221478,215081,341104,146513,4035817,2343129,115992,106603,108024,113641,112435,115627,108363,112278,99091,193488,253997,326010,219125,133762,121032,103661,59209,"Wisconsin",0,0,3694,1986,1200,1317,408,3545,3587,1235,3065,0,0,705,2005,1088,1278,396,698,2777,439,2671,0,3776,782,535,256,110,3540,1902,1166,1394,0,0,0,5993,6833,6471,3115,2910,1153,804,663,357,1432,1435,91,93,230,67,460,436,1025,1644,943,1939,6471,5606,6687,3181,1730,2862,4359,4610,2269,816,1411,142,151,200,214,425,355,419,851,492,1171,1198,1283,1393,1624,6299,2125,3264,4519,3807,6273,3816,1614,1263,1336,5623,5993,4461,4647,5145,3791,11833,6471,2100,1874,2011,2081,1959,1850,1913,1570,1828,2786,2882,2945,2927,1913,1805,1439,236
"G560","2014-2018",,,"Wyoming","56",,,,,,,,,,,,,,,,,,,,,,,,,,,,,,"Wyoming",581836,581836,532008,5540,14053,4756,539,9361,15579,1748,13831,581836,524870,489559,5149,12717,4660,434,227,12124,151,11973,56966,42449,391,1336,96,105,9134,3455,1597,1858,581836,524870,56966,287175,251676,222984,28692,19976,5278,2171,914,353,3774,3709,12,29,0,24,151,592,2454,11285,2392,14851,230630,148692,118904,29788,11004,18784,81938,65525,16413,389291,1519,72,79,59,72,438,151,123,1412,670,2807,3399,4853,6381,5609,91927,19972,32098,70138,42835,67697,26978,5489,4513,567950,27728,35583,21931,22313,33411,15588,411396,230630,11430,9144,10648,10752,10248,11108,10279,10395,9521,18047,24249,33077,24261,15233,12723,9515,62268,"Wyoming",0,0,1465,605,786,498,272,1161,1072,349,978,0,184,152,565,594,502,231,134,863,73,862,184,1443,169,463,59,111,1138,576,338,419,0,184,184,2058,2348,2476,1381,994,667,360,326,131,468,460,16,47,28,22,99,178,356,944,353,1073,1390,1582,1712,1262,818,992,1699,1774,882,628,344,65,94,55,46,193,94,72,330,215,422,377,418,553,512,2034,818,1169,1705,1405,1782,1116,495,485,346,1823,2288,1702,1962,2230,1519,3777,1390,761,678,760,755,672,679,633,742,656,914,888,1186,1100,774,710,754,932
"G720","2014-2018",,,"Puerto Rico","72",,,,,,,,,,,,,,,,,,,,,,,,,,,,,,"Puerto Rico",3386941,3386941,2283720,365010,8504,6684,303,547254,175466,16160,159306,3386941,37601,28015,3107,59,2337,44,2289,1750,122,1628,3349340,2255705,361903,8445,4347,259,544965,173716,16038,157678,3386941,37601,3349340,1001256,910730,828210,82520,63331,12743,3849,1542,1055,20074,7978,7826,3790,62,418,528,1003,2146,29478,15273,22024,1205075,827819,463150,364669,81032,283637,377256,330870,46386,2364398,61124,955,618,11609,18388,33917,42416,32385,69382,44431,59554,92300,38187,50918,22045,599597,60073,36342,255778,235051,428310,117015,28907,25096,3356773,823263,671897,293698,255985,290609,104176,917145,1205075,333145,143400,122665,96672,79401,67526,56023,47119,38180,61015,59464,46497,22355,10992,10094,10527,20166,"Puerto Rico",0,0,9541,6294,1171,892,268,8302,4871,1365,4615,0,1879,1580,510,36,662,39,420,398,93,384,1879,9613,6304,1169,670,262,8291,4893,1379,4627,0,1879,1879,5937,6681,6565,2718,2285,902,495,365,268,1166,754,773,392,48,141,158,249,358,1192,1132,1203,4286,4328,3777,3648,2037,3224,3592,3652,1573,0,2114,223,204,880,1041,1424,1512,1380,1944,1490,1656,2375,1463,1594,1174,4513,1994,1421,3483,3837,4652,2747,1387,1159,597,9425,10942,6362,5791,6475,4439,11235,4286,3362,2821,2440,1974,2170,1799,1582,1450,1409,1767,1601,1516,1108,698,784,724,190
