GISJOIN,YEAR,REGIONA,DIVISIONA,STATE,STATEA,COUNTYA,COUSUBA,PLACEA,TRACTA,BLKGRPA,CONCITA,AIANHHA,RES_ONLYA,TRUSTA,AITSCEA,ANRCA,CBSAA,CSAA,METDIVA,NECTAA,CNECTAA,NECTADIVA,UAA,CDCURRA,SLDUA,SLDLA,ZCTA5A,SUBMCDA,SDELMA,SDSECA,SDUNIA,PUMA5A,NAME,BTTRA,BTBGA,AJWMM001,AJWNM001,AJWNM002,AJWNM003,AJWNM004,AJWNM005,AJWNM006,AJWNM007,AJWNM008,AJWNM009,AJWNM010,AJWVM001,AJWVM002,AJWVM003,AJWVM004,AJWVM005,AJWVM006,AJWVM007,AJWVM008,AJWVM009,AJWVM010,AJWVM011,AJWVM012,AJWVM013,AJWVM014,AJWVM015,AJWVM016,AJWVM017,AJWVM018,AJWVM019,AJWVM020,AJWVM021,AJWWM001,AJWWM002,AJWWM003,AJXCM001,AJXCM002,AJXCM003,AJXCM004,AJXCM005,AJXCM006,AJXCM007,AJXCM008,AJXCM009,AJXCM010,AJXCM011,AJXCM012,AJXCM013,AJXCM014,AJXCM015,AJXCM016,AJXCM017,AJXCM018,AJXCM019,AJXCM020,AJXCM021,AJXIM001,AJXIM002,AJXIM003,AJXIM004,AJXIM005,AJXIM006,AJXIM007,AJXIM008,AJXIM009,AJXIM010,AJXIM011,AJXIM012,AJXIM013,AJXIM014,AJXIM015,AJXIM016,AJXIM017,AJXIM018,AJXIM019,AJXIM020,AJXIM021,AJXKM001,AJXKM002,AJXKM003,AJXKM004,AJXKM005,AJXKM006,AJXKM007,AJXKM008,AJXKM009,AJYPM001,AJYPM002,AJYPM003,AJYPM004,AJYPM005,AJYPM006,AJYPM007,AJYPM008,AJYPM009,AJYPM010,AJYPM011,AJYPM012,AJYPM013,AJYPM014,AJYPM015,AJYPM016,AJYPM017,AJYPM018,AJYPM019,AJYPM020,AJYPM021,AJYPM022,AJYPM023,AJYPM024,AJYPM025,AJY4M001,AJY4M002,AJY4M003,AJY4M004,AJY4M005,AJY4M006,AJY4M007,AJY4M008,AJY9M001,AJY9M002,AJY9M003,AJY9M004,AJY9M005,AJY9M006,AJY9M007,AJY9M008,AJY9M009,AJY9M010,AJY9M011,AJY9M012,AJY9M013,AJY9M014,AJY9M015,AJY9M016,AJY9M017,AJZAM001
"G010","2014-2018",,,"Alabama","01",,,,,,,,,,,,,,,,,,,,,,,,,,,,"Alabama",,,0,0,3345,2745,1335,1251,546,3631,3331,878,3190,0,393,847,2516,1178,1243,265,1299,3183,607,3099,393,3154,1000,620,232,512,3295,986,766,710,0,393,393,7865,8203,8306,3364,2986,1195,877,501,513,682,672,84,83,45,134,174,316,304,1206,1003,2140,626,868,3146,1845,1744,1630,1799,1665,624,1184,500,3209,3156,1517,1398,470,2477,2443,351,669,553,6522,6269,6445,3648,2159,3171,4397,4291,2253,1188,1648,127,153,175,302,562,504,602,1209,1202,1509,2298,2640,2554,1765,6848,2908,3539,5357,3743,5193,3434,1679,1303,1024,8202,10030,5720,7044,9490,4840,17184,6522,2676,2606,2510,1883,2115,2435,1920,2274,1567,2418,2939,3268,2736,1887,2187,1615,364
"G020","2014-2018",,,"Alaska","02",,,,,,,,,,,,,,,,,,,,,,,,,,,,"Alaska",,,0,0,1368,834,1515,1030,485,1329,1816,548,1783,0,121,457,675,1355,969,413,566,1766,212,1734,121,1319,357,603,332,181,1166,745,525,596,0,121,121,1842,2199,2440,1763,1474,669,527,246,161,523,516,59,28,31,77,185,128,438,1128,667,803,317,387,997,664,527,442,577,390,287,289,360,945,867,527,519,160,548,537,167,445,306,1351,1876,1680,1287,919,1005,1668,1659,935,371,474,60,57,20,188,149,112,161,255,182,323,289,512,499,441,1954,1087,1239,1816,1179,1745,1313,786,523,506,1633,2242,1547,1570,2053,1278,3729,1351,612,558,492,588,598,549,632,661,547,933,1122,1169,1121,881,891,917,894
"G040","2014-2018",,,"Arizona","04",,,,,,,,,,,,,,,,,,,,,,,,,,,,"Arizona",,,0,0,9871,2794,3307,2442,625,7938,5372,2420,4439,0,0,1181,2564,1835,2133,512,1298,3960,667,3894,0,9886,1490,2670,942,449,7973,3814,2425,2611,0,0,0,8646,9734,9270,5309,4185,2065,1177,804,473,2125,2087,367,256,215,139,593,773,1363,1756,1344,3178,305,770,3720,2370,2287,1880,2397,2279,1051,1528,794,3801,3719,2147,2102,816,2606,2611,620,1390,709,6840,7057,8008,4804,2900,3967,5604,5275,2991,583,1874,179,210,566,584,967,942,908,2371,887,1824,2009,2342,2714,2342,7247,3265,4682,6328,4241,5125,4658,1868,1782,1550,9122,10384,9115,7844,8777,6664,17324,6840,2907,2320,2350,2140,2823,2468,2182,2663,2398,2963,3299,3575,2715,2328,2252,2275,275
"G050","2014-2018",,,"Arkansas","05",,,,,,,,,,,,,,,,,,,,,,,,,,,,"Arkansas",,,0,0,2783,1946,1190,1091,639,3353,2749,922,2276,0,321,793,1812,977,1080,627,985,2122,323,2061,321,2748,451,634,197,83,3062,1178,919,660,0,321,321,6555,6648,6149,3156,2549,1147,743,579,351,521,516,58,81,53,51,219,341,317,1234,890,1620,716,853,2144,1565,1551,1303,1302,1146,540,837,321,2271,2218,1338,1267,463,1672,1723,302,590,468,4053,4296,4462,3032,1837,2311,3793,3858,1676,967,1080,85,173,178,373,699,476,588,1049,861,1057,1373,1476,2002,1278,5239,2503,2771,4205,2718,4006,2791,1241,1094,988,5873,6445,4878,5607,6581,4553,10997,4053,2190,1930,1758,1799,1781,1729,1844,1670,1624,2295,2156,2430,1770,1326,1337,1296,350
"G060","2014-2018",,,"California","06",,,,,,,,,,,,,,,,,,,,,,,,,,,,"California",,,0,0,26419,8045,5495,8962,2473,34695,23736,10151,17502,0,0,3121,6255,2841,8702,2227,3056,13507,2448,12878,0,26248,4744,5021,3224,1538,34416,14668,9400,8706,0,0,0,22700,23522,18894,14997,10705,5168,2886,2429,1600,6572,5646,1217,3502,2108,786,1559,1987,3703,5255,3866,7531,600,1798,9534,5790,5312,5103,4534,5774,3015,3917,2040,9229,9252,4353,4402,1635,6564,6323,1722,3012,1752,19785,24043,30928,11008,6430,8349,10913,10227,7678,1095,8948,480,833,1611,2499,2979,3019,3186,10737,2664,5180,6953,5346,6317,6693,27452,6997,16548,21991,11158,19169,15841,6349,5012,3254,20801,27188,20415,20495,24081,13547,62489,19785,5476,5614,4756,5470,4238,5168,4412,5660,4621,6541,6837,8426,7866,7280,9078,9258,217
"G080","2014-2018",,,"Colorado","08",,,,,,,,,,,,,,,,,,,,,,,,,,,,"Colorado",,,0,0,5852,2446,1913,1886,516,5320,4702,1886,4099,0,366,1322,2260,1090,1824,415,1333,3379,652,3285,366,5647,1146,1691,543,310,5122,2853,1758,2279,0,366,366,6790,7132,7967,3907,3411,1850,1186,751,358,2352,2154,419,609,581,130,348,413,1184,2111,1194,2852,523,703,2758,1918,1791,1564,1685,1353,794,763,378,2629,2536,1353,1403,539,1791,1778,486,919,474,4542,6051,7250,4052,2106,3126,5103,4607,2565,950,1583,119,136,348,496,708,690,646,1737,859,1613,1583,1674,1724,1631,6129,2602,3577,4773,3912,5943,4268,1864,1520,1092,6312,7518,4983,6205,6388,4669,14257,4542,2019,1785,1746,1790,2037,1876,1823,1837,1903,2658,2996,3617,3304,2313,2247,2383,364
"G090","2014-2018",,,"Connecticut","09",,,,,,,,,,,,,,,,,,,,,,,,,,,,"Connecticut",,,0,0,5407,2718,1118,1472,278,5550,3456,1542,3157,0,0,1034,1870,598,1395,200,1287,2467,595,2381,0,5137,2189,973,354,181,5287,2184,1485,1684,0,0,0,5383,6331,6347,3578,3003,1105,826,509,444,2121,1828,139,313,1126,69,372,254,495,1834,958,2176,234,645,2871,1763,1868,1562,1485,1416,768,791,336,2816,2606,1391,1290,403,1899,1851,439,611,618,3671,4443,4850,3193,1903,2706,3819,3315,1948,350,1186,102,114,262,424,641,582,834,1239,832,1370,1182,1277,1241,1274,5962,2034,2587,3935,2987,4392,3608,1708,1422,837,4737,5149,4109,4504,4916,3592,9607,3671,1760,1571,1411,1595,1460,1640,1411,1543,1522,2224,2527,2811,2248,2204,1983,2323,552
"G100","2014-2018",,,"Delaware","10",,,,,,,,,,,,,,,,,,,,,,,,,,,,"Delaware",,,0,0,2245,1374,484,727,296,1832,1486,445,1462,0,0,324,1116,369,705,73,431,1293,253,1304,0,2174,829,286,149,302,1780,704,400,593,0,0,0,2826,3200,3347,1615,1351,636,264,419,179,855,705,52,127,355,64,78,148,262,731,444,1058,49,176,1428,887,929,740,998,687,403,418,327,1441,1305,682,635,226,902,834,245,460,181,1676,2194,2127,1766,774,1418,2454,2134,979,249,787,94,54,144,153,228,186,264,626,345,679,770,746,943,691,2771,936,1599,2184,1653,1823,1569,817,737,588,2357,2865,2170,2503,2717,1989,5163,1676,1004,715,753,759,837,913,827,972,796,961,1269,1454,1202,903,1029,950,768
"G110","2014-2018",,,"District of Columbia","11",,,,,,,,,,,,,,,,,,,,,,,,,,,,"District of Columbia",,,0,0,1909,1354,506,625,84,2126,1273,550,1116,0,0,358,1027,186,594,75,621,1026,208,1001,0,1904,1001,464,180,47,1879,765,507,519,0,0,0,2437,2469,2329,1130,963,527,250,223,172,2737,2026,219,2042,185,49,414,182,989,1713,460,1116,90,410,918,694,543,530,516,519,139,390,214,914,963,540,546,215,642,651,210,359,425,1459,1584,1313,1053,605,978,1670,1791,1029,106,700,78,26,185,245,401,268,355,519,331,542,611,526,723,527,1900,845,983,1640,950,2133,1931,1436,1143,379,2857,2517,2405,1918,1869,1362,3784,1459,1070,726,726,672,759,616,630,573,687,874,973,1077,1046,907,1050,1165,1081
"G120","2014-2018",,,"Florida","12",,,,,,,,,,,,,,,,,,,,,,,,,,,,"Florida",,,0,0,12322,7779,2307,3104,996,11223,11178,4414,9480,0,0,3346,6159,1520,3109,846,3694,8121,2149,8129,0,11874,5662,1744,1048,463,10442,5709,3725,4346,0,0,0,18857,19602,17096,11178,8571,3931,2130,1490,1168,4470,4450,298,830,713,248,1262,1225,2193,3016,3089,7046,869,1729,9167,5528,4820,4479,5265,6813,3127,3967,1912,9114,8827,4273,3929,1538,6144,5997,1445,3353,1398,23468,23203,23030,7861,5108,6220,12480,11767,5314,1719,4572,471,415,846,1474,2025,1416,1962,4138,2392,3589,5061,4425,4356,5814,27717,6830,11230,12242,11342,16901,10439,4675,3522,2671,16347,20643,13707,14929,18954,11672,41015,23468,5685,4358,4319,4517,4654,5032,5020,4820,4438,6020,7117,8829,6327,5144,5292,5026,181
"G130","2014-2018",,,"Georgia","13",,,,,,,,,,,,,,,,,,,,,,,,,,,,"Georgia",,,0,0,5699,4425,2337,2387,876,6101,6325,2251,5900,0,561,1796,4327,867,2451,777,2625,5601,1130,5360,561,5462,2546,2148,578,382,5469,2626,1880,1979,0,561,561,11149,13179,12077,6661,5696,2571,1519,972,947,2974,2463,218,1343,548,137,1273,613,826,2369,2188,4149,1108,1297,4302,2939,2823,2835,2692,2699,1516,2008,878,4398,4521,2155,2116,657,3512,3529,495,1187,571,9402,10024,11014,5631,3319,4728,6444,6784,3236,2032,2794,240,339,541,832,1123,998,1264,2790,1345,2424,3100,3635,3885,3015,13509,4142,6229,9374,5662,9797,7175,2869,2103,2138,11544,13540,11177,9936,10034,8972,24803,9402,4048,3450,3434,3349,3193,3210,3076,3085,2861,3781,4623,5152,3993,3492,2707,3304,243
"G150","2014-2018",,,"Hawaii","15",,,,,,,,,,,,,,,,,,,,,,,,,,,,"Hawaii",,,0,0,2242,843,403,4385,2359,1556,5321,894,5225,0,0,292,823,287,4215,2094,346,4550,309,4557,0,2227,350,247,1356,972,1541,2225,812,2224,0,0,0,3508,3464,3457,2462,2112,1094,679,506,249,1472,1474,50,98,36,43,158,419,561,1304,978,1374,130,524,1431,1244,1022,1081,1129,1112,666,771,581,1376,1270,668,641,353,964,979,360,378,521,2081,2269,2462,1755,951,1465,2144,1964,964,124,834,75,122,166,310,369,349,287,728,379,600,772,897,721,734,3629,1012,1687,2721,2093,3445,1750,940,758,747,2768,3445,2530,2492,3737,2132,5038,2081,1009,656,848,769,715,792,880,828,852,1048,1370,1502,1249,991,1157,1117,607
"G160","2014-2018",,,"Idaho","16",,,,,,,,,,,,,,,,,,,,,,,,,,,,"Idaho",,,0,0,3055,783,984,953,373,2814,2061,921,1823,0,151,351,752,741,927,333,257,1686,302,1626,151,3033,297,734,290,186,2762,1263,887,784,0,151,151,3243,3537,3586,2675,2315,871,744,469,266,498,488,31,60,64,46,162,322,649,964,556,1544,493,514,1927,1274,1159,1070,1199,728,438,520,300,1815,1576,918,876,319,1212,1217,284,628,205,2254,3035,3475,2074,1257,1621,2602,2381,1437,826,815,191,56,157,223,475,362,346,758,567,624,858,994,1068,996,3706,1749,2526,3517,2403,3265,1953,988,784,776,3925,4826,4073,3499,4504,3525,7746,2254,1420,1186,1327,1364,1131,1332,1339,1383,1212,1524,1668,1850,1636,1097,1317,1041,400
"G170","2014-2018",,,"Illinois","17",,,,,,,,,,,,,,,,,,,,,,,,,,,,"Illinois",,,0,0,10813,3784,1950,2967,524,11030,6286,3175,5507,0,292,1461,3855,817,2738,386,1493,4293,1055,4637,292,10472,2243,1804,839,374,10880,3576,2968,1856,0,292,292,11844,13372,12227,6788,5259,2504,1433,887,614,4877,3614,458,2757,2954,140,987,478,1521,3531,1708,3498,813,1385,5602,3176,2875,2600,2992,2829,1210,1558,660,5458,5357,2603,2462,762,3863,3819,699,1311,1060,9750,10480,11885,5816,3533,4990,7059,6673,3393,1159,2579,275,255,436,826,1067,927,1219,2594,1119,2936,2368,2719,2994,2923,12892,3468,6504,8682,5940,11249,7625,3061,2441,2053,11157,13811,9866,7613,9772,6876,24604,9750,3060,3185,3111,3069,2913,2654,2998,2945,2714,4398,4468,5303,3990,3808,4287,3357,187
"G180","2014-2018",,,"Indiana","18",,,,,,,,,,,,,,,,,,,,,,,,,,,,"Indiana",,,0,0,4235,3479,950,1837,405,3966,4571,1486,4207,0,166,898,3214,764,1769,239,982,3846,516,3833,166,4227,1063,599,303,339,3967,1879,1367,1293,0,166,166,7703,8271,8392,4320,4024,1502,770,616,606,1312,1175,195,317,445,136,412,319,972,1703,1080,2519,852,1049,4074,2256,2155,1768,2006,1634,865,950,523,4078,4005,2039,1908,614,2549,2527,536,754,627,7375,7212,8363,4474,2282,3550,5005,5428,2491,1215,1476,193,153,255,328,548,623,627,1365,818,2002,2192,2283,2582,1713,7905,3193,4207,4816,3879,6494,3934,1831,1621,1620,6690,8792,6876,7205,8172,5062,17304,7375,2778,2101,2630,2881,2117,2248,2396,2407,2070,3215,3321,3800,3138,2168,2615,1973,230
"G190","2014-2018",,,"Iowa","19",,,,,,,,,,,,,,,,,,,,,,,,,,,,"Iowa",,,0,0,2111,1742,771,1149,343,1921,2303,663,2126,0,221,609,1631,611,1145,320,696,1934,185,1950,221,2195,565,443,127,101,1981,1077,629,834,0,221,221,4647,5192,5433,2733,2374,1068,499,483,308,1051,1043,60,41,26,118,234,286,517,1437,717,1709,457,656,2343,1315,1184,1130,1375,732,387,461,193,2399,2314,1251,1196,359,1661,1641,327,601,438,4146,3560,4198,2589,1490,2114,3148,3132,1719,894,900,151,135,113,262,420,274,305,701,477,998,868,982,1212,956,3912,1697,2490,3050,2603,4038,2474,1353,1157,857,4377,5015,3879,3827,4667,3344,10483,4146,1519,1478,1388,1459,1426,1331,1248,1381,1430,1908,1953,2513,2138,1803,1556,1348,313
"G200","2014-2018",,,"Kansas","20",,,,,,,,,,,,,,,,,,,,,,,,,,,,"Kansas",,,0,0,3181,2013,1027,1270,326,3099,2762,962,2631,0,52,442,1723,773,1288,265,441,2435,248,2405,49,3163,922,756,259,171,2996,1163,885,996,0,52,49,4746,4630,5106,3097,2719,1101,611,575,334,699,671,68,64,36,95,246,351,526,1292,795,1557,552,722,2138,1301,1361,1105,1114,769,495,595,246,2226,2222,1159,1170,268,1525,1536,323,509,445,4096,3633,4095,2696,1513,2161,2898,2912,1683,984,1071,117,100,149,335,362,336,309,976,492,1106,1073,1082,1456,1039,4020,1646,2530,3382,2885,4416,2725,1278,1015,658,4147,5256,3840,3990,5495,3833,8950,4096,1423,1223,1533,1489,1529,1480,1498,1528,1246,2124,2210,1887,2050,1432,1286,1544,337
"G210","2014-2018",,,"Kentucky","21",,,,,,,,,,,,,,,,,,,,,,,,,,,,"Kentucky",,,0,0,2869,2532,729,1141,435,2832,2847,819,2701,0,523,933,2370,603,1144,272,901,2747,268,2703,523,2705,731,447,126,351,2588,909,776,667,0,523,523,6494,7039,7245,3460,3236,1200,660,607,366,1030,999,72,58,60,76,246,283,427,1455,1183,1820,727,880,2912,1879,1694,1600,1655,1203,624,960,386,3001,2878,1394,1382,513,2171,2162,450,640,539,5065,4851,5899,3571,2280,3039,4575,4589,2177,1403,1364,94,148,266,318,499,514,602,963,1078,1815,1974,2182,2105,1297,5901,2896,2804,5786,3555,4593,3171,1382,1167,1358,7226,8836,5284,5412,6239,3915,13939,5065,2415,2162,2408,2124,2216,1979,1568,1947,1850,2460,2607,2866,2641,1873,1692,1342,291
"G220","2014-2018",,,"Louisiana","22",,,,,,,,,,,,,,,,,,,,,,,,,,,,"Louisiana",,,0,0,2870,2800,1010,1239,276,2797,3183,1056,3204,0,422,935,2611,909,1104,234,1044,3119,439,3073,422,2875,1353,394,327,167,2733,1260,945,916,0,422,422,6988,7316,8018,3975,3222,1860,1121,585,422,1394,1403,214,109,79,112,359,394,776,1823,1264,1960,605,959,3301,2215,1825,1767,1913,1520,664,1198,496,3489,3333,1605,1639,486,2371,2309,388,777,630,5617,6866,6054,4367,2418,3558,4899,4564,2255,1238,1567,185,134,279,352,694,447,765,1140,1384,1788,1996,2669,2791,1896,7216,3036,3342,5320,3993,6650,3716,1803,1117,1272,8510,9734,6193,7641,7126,5050,14001,5617,3036,2155,2297,2273,2192,2002,2123,1860,1832,2568,2356,3353,2473,2066,2100,1944,363
"G230","2014-2018",,,"Maine","23",,,,,,,,,,,,,,,,,,,,,,,,,,,,"Maine",,,0,0,624,741,527,527,106,447,981,328,945,0,0,306,714,457,523,103,277,919,149,892,0,563,272,220,58,59,396,458,274,446,0,0,0,3123,2718,2882,1880,1578,616,311,267,320,469,441,30,84,77,106,405,190,400,1028,479,1004,284,534,1638,987,928,1056,1058,584,324,354,253,1699,1592,894,820,297,1168,1179,299,469,451,2215,2274,2225,1629,877,1346,2375,2179,1386,417,461,91,49,76,76,146,143,186,353,374,744,560,868,1005,654,2444,1352,1334,2398,1968,2257,1873,908,691,605,2412,2918,2674,2549,2983,1824,5554,2215,1144,1067,985,1096,985,1114,952,1089,923,1234,1453,1821,1470,1002,929,956,588
"G240","2014-2018",,,"Maryland","24",,,,,,,,,,,,,,,,,,,,,,,,,,,,"Maryland",,,0,0,5515,3569,1187,2285,505,5991,4415,1670,3966,0,0,1270,3235,678,2153,286,1778,3752,961,3673,0,5586,1972,872,469,364,5998,2168,1425,1348,0,0,0,6485,7636,7075,4234,3508,1650,884,930,469,3596,2839,315,2208,975,123,776,331,618,2067,1383,2607,393,839,3245,1943,1840,1701,1590,1566,1020,1231,580,3264,3042,1589,1460,526,2284,2212,504,965,764,5412,6220,6639,3519,2110,3164,4501,3961,2233,587,1737,210,263,411,603,894,702,738,1745,1084,1459,1706,2107,2011,1752,7325,2935,3502,5568,3589,6053,5038,2581,2490,1430,5026,8217,4716,7308,6471,3826,14866,5412,2233,1868,2022,1784,1730,1803,1730,1833,1899,2547,3378,3080,3298,2899,3109,3417,431
"G250","2014-2018",,,"Massachusetts","25",,,,,,,,,,,,,,,,,,,,,,,,,,,,"Massachusetts",,,0,0,7315,4376,1150,2114,440,7372,5035,2008,4993,0,320,2445,2882,709,2121,364,3281,3762,1346,3581,320,6443,2885,982,424,211,6043,3413,1466,3302,0,320,320,8983,9285,9516,4858,4437,1774,972,756,519,4211,3159,690,3215,1666,371,698,455,1321,3058,1575,2721,312,690,3798,2252,2121,1983,1731,1944,1055,1046,578,3815,3674,2085,2002,591,2704,2658,577,1332,633,4637,5930,7624,4464,2691,3844,5256,4550,3096,565,2335,209,249,409,666,731,1194,1103,1454,953,1910,1635,1663,1818,1971,8635,2857,3216,5518,4355,7712,5760,2599,2915,1262,7935,7099,5918,5087,6512,3725,14523,4637,2941,2460,2016,2028,2140,1894,2065,2061,1814,2813,2911,3080,3077,2848,3202,3245,425
"G260","2014-2018",,,"Michigan","26",,,,,,,,,,,,,,,,,,,,,,,,,,,,"Michigan",,,0,0,4309,3571,1794,1918,372,4383,5010,1526,4648,0,71,1062,3492,1315,1909,351,1208,4439,675,4324,71,4022,1292,962,243,145,3985,1982,1327,1309,0,71,71,9085,8819,8490,4658,3959,1764,1064,761,499,1815,1811,140,217,94,144,543,392,919,1945,1106,2632,520,1008,4628,2317,2275,2045,2378,1872,751,1001,629,4615,4612,1743,1669,543,3579,3650,606,1054,858,9207,7888,9502,4664,2669,4094,5365,5600,2818,832,1885,213,209,285,403,513,477,608,1111,762,1943,1940,2721,2758,2021,9064,2940,5544,6905,4629,6732,5669,2087,1713,1560,8377,10132,7356,8027,8218,5570,20517,9207,2738,2828,2544,2458,2914,2701,2086,3016,2296,3776,3164,3790,3761,2876,2293,2159,166
"G270","2014-2018",,,"Minnesota","27",,,,,,,,,,,,,,,,,,,,,,,,,,,,"Minnesota",,,0,0,3540,2773,1202,1685,326,3577,3826,1168,3541,0,77,845,2742,1023,1627,292,905,3436,578,3339,77,3385,904,655,388,142,3448,1228,866,1005,0,77,77,6384,6475,6287,3504,2785,1323,775,564,542,2077,2155,261,470,329,90,386,398,923,1742,820,2844,442,674,2537,1426,1500,1200,1537,1056,632,588,323,2515,2528,1237,1214,356,1981,2003,458,737,492,5845,6100,7210,2991,1834,2645,4306,3963,2074,817,1489,141,184,249,310,454,354,462,775,579,1235,1034,1179,1278,1346,5744,1781,2764,4126,3569,5927,3446,2138,1282,1133,5316,6712,4076,4888,5452,3498,11923,5845,1904,1630,1521,1724,1653,1673,1845,1564,1766,2313,2745,2635,2595,2244,1824,1882,276
"G280","2014-2018",,,"Mississippi","28",,,,,,,,,,,,,,,,,,,,,,,,,,,,"Mississippi",,,0,0,2016,2304,739,831,205,1738,2362,554,2361,0,722,439,2388,656,816,198,636,2249,275,2263,722,1963,809,250,103,47,1666,701,465,589,0,722,722,6668,6650,6780,2705,2450,1139,546,419,420,477,455,31,42,38,100,178,266,287,860,1034,1254,683,912,2511,1713,1702,1570,1579,1174,586,867,472,2513,2388,1428,1388,355,1824,1804,251,568,609,4591,4546,4323,3182,1957,2714,3706,3722,1600,1317,1227,128,150,285,323,420,388,663,822,941,1433,1605,1936,2243,1333,6022,2652,2869,4388,2841,3998,2724,1256,991,856,7237,7002,5803,5658,6550,4194,12296,4591,2676,2000,2100,2099,1765,1911,1821,2000,1590,2050,2608,2248,2111,1535,1366,1211,395
"G290","2014-2018",,,"Missouri","29",,,,,,,,,,,,,,,,,,,,,,,,,,,,"Missouri",,,0,0,3253,2524,1077,1479,659,3133,3655,1145,3431,0,258,1169,2562,991,1398,655,1373,3173,567,3077,258,2986,727,581,338,247,2632,1309,979,963,0,258,258,7320,8198,7930,3872,3513,1377,1074,586,406,1817,1725,138,407,159,74,445,396,491,1921,1189,2558,798,1087,3839,2097,1952,1913,2216,1420,758,821,482,4110,4065,1939,1917,477,3067,2998,574,930,777,6753,6545,7526,4490,2432,3261,5386,5381,2702,1462,1200,142,169,204,224,415,392,560,912,620,1527,1779,2175,2437,1587,7390,2695,3987,5802,3528,7396,4176,1892,1445,1562,7670,8122,6004,6366,6939,5065,16611,6753,2947,2527,2350,2233,2070,2064,2278,2131,2061,2601,3000,3645,2728,2121,2049,1812,221
"G300","2014-2018",,,"Montana","30",,,,,,,,,,,,,,,,,,,,,,,,,,,,"Montana",,,0,0,1128,379,1157,472,171,764,1212,320,1159,0,84,234,317,1013,484,168,193,1129,173,1098,84,1083,173,503,72,46,714,477,258,388,0,84,84,2992,2967,3196,1857,1610,719,484,224,200,436,428,22,42,10,56,154,189,598,1039,396,1198,376,442,1367,889,765,762,890,436,224,343,463,1372,1292,852,867,229,841,830,195,355,240,2033,2518,2180,1492,879,1116,2369,2136,1263,774,311,44,57,65,77,70,70,63,213,270,588,447,593,752,532,2595,1211,1355,2058,1776,2617,1403,795,672,675,2551,2726,2781,2198,2776,1809,5317,2033,1121,904,1048,931,980,878,858,948,809,1188,1418,1245,1212,847,797,762,587
"G310","2014-2018",,,"Nebraska","31",,,,,,,,,,,,,,,,,,,,,,,,,,,,"Nebraska",,,0,0,2861,1359,866,900,245,2562,1983,809,1743,0,35,436,1204,563,886,199,413,1567,240,1554,36,2776,457,584,132,132,2494,968,715,599,0,35,36,3351,3339,3202,2037,1797,776,550,420,198,485,477,76,65,27,70,171,207,499,895,553,1256,317,464,1615,956,868,906,958,527,256,322,170,1590,1634,801,747,225,1248,1195,223,357,303,2749,2568,2831,1722,990,1519,2257,2232,1132,734,855,180,133,259,278,357,316,334,697,423,783,679,749,924,760,2752,1163,1642,2336,1934,2903,1926,866,739,784,3000,3554,2852,2422,4054,2785,6426,2749,1308,948,1023,1083,1185,1212,1406,1165,1001,1331,1585,1750,1340,1191,1164,925,346
"G320","2014-2018",,,"Nevada","32",,,,,,,,,,,,,,,,,,,,,,,,,,,,"Nevada",,,0,0,5795,2592,1365,2272,634,6291,4035,1673,3640,0,0,837,2226,823,2146,556,1072,3351,429,3338,0,5643,1164,1197,737,379,6142,2349,1599,1660,0,0,0,5308,6053,6487,3740,3067,1267,804,641,358,2048,2064,119,118,42,50,220,495,582,1334,1151,1663,357,451,1973,1310,1257,1132,1597,1486,979,939,502,2042,1904,1310,1311,469,1432,1424,467,899,315,3357,3919,4060,2948,2058,2599,3477,3146,1707,398,1366,142,206,250,387,711,440,709,1555,666,1071,1410,1348,1474,1450,4928,2011,3131,4538,2531,4126,2379,1050,771,891,4778,6173,4461,4917,6076,4373,10633,3357,1726,1450,1509,1706,1260,1403,1773,1603,1489,1800,2425,2577,1835,1472,1643,1305,408
"G330","2014-2018",,,"New Hampshire","33",,,,,,,,,,,,,,,,,,,,,,,,,,,,"New Hampshire",,,0,0,1368,952,304,772,150,844,1244,498,1115,0,209,471,722,290,770,86,407,1031,268,1021,209,1250,661,122,145,122,734,665,429,555,0,209,209,3405,3488,3254,1785,1384,756,472,287,165,627,584,129,83,186,38,174,243,308,1005,561,1460,303,349,1561,1011,958,820,995,767,425,333,240,1564,1521,859,806,281,1024,1045,318,477,220,2194,2183,2717,1789,1100,1537,2057,1998,1368,482,477,82,114,98,103,183,190,187,327,391,646,770,978,788,694,3307,1430,1607,2320,1728,2907,2199,1035,768,477,1939,2557,2091,2177,2640,1808,5240,2194,998,814,851,959,889,955,968,893,1021,1357,1494,1862,1637,1267,1260,1217,714
"G340","2014-2018",,,"New Jersey","34",,,,,,,,,,,,,,,,,,,,,,,,,,,,"New Jersey",,,0,0,10067,4168,1458,2588,458,10632,5331,2419,4428,0,0,1670,3129,636,2549,218,2145,3773,1296,3467,0,10049,2926,1310,752,361,10446,3589,2119,2698,0,0,0,9142,9614,8945,5727,4277,1936,1329,1214,793,5347,4126,483,2140,2620,704,1161,396,883,2931,1810,3281,287,1019,4719,3095,2212,2632,2455,2601,1268,1506,581,4469,4218,1832,1894,541,3365,3303,678,1050,924,6651,7874,9559,5695,3140,4358,5740,5601,2523,409,2355,251,201,416,618,1116,1146,1221,2623,1342,2209,1959,2047,2235,2454,12472,2942,5139,5755,4375,8080,5993,2247,2131,1216,8884,8505,7177,7211,9319,4953,20406,6651,2692,2148,2351,2538,2613,2286,2468,2476,2393,3061,3515,3878,3932,3351,4256,4224,386
"G350","2014-2018",,,"New Mexico","35",,,,,,,,,,,,,,,,,,,,,,,,,,,,"New Mexico",,,0,0,5209,1312,1672,1132,339,4935,2907,1689,2222,0,0,639,1067,1162,1019,227,640,1896,344,1831,0,5165,803,1396,502,217,4861,1841,1653,1250,0,0,0,4169,4581,4697,2566,1966,847,604,560,277,947,917,63,50,219,41,83,306,579,1145,726,1598,415,635,2210,1372,1263,1378,1401,1207,556,718,329,2124,2061,1147,1179,425,1473,1435,374,848,395,3254,3146,3353,2598,1540,2138,3530,3350,1477,951,1035,170,113,230,294,667,518,490,1336,655,1192,1592,1391,1328,1205,4251,1934,2333,4081,2737,3285,2409,1007,1008,691,5284,5801,4690,4621,4633,3182,8702,3254,1746,1463,1854,1411,1545,1304,1303,1324,1288,1565,2000,1992,1473,1097,1282,1051,438
"G360","2014-2018",,,"New York","36",,,,,,,,,,,,,,,,,,,,,,,,,,,,"New York",,,0,0,16549,7383,2869,4603,797,20125,9680,4441,8151,0,0,2748,4596,1401,4456,677,4281,6041,2037,5745,0,15982,6235,2773,1319,482,19089,5982,3707,4876,0,0,0,17007,14291,12163,6929,5893,2208,1679,1183,1006,10583,6107,1003,9093,4434,915,2043,572,1966,6975,2124,4691,572,1422,7736,4128,3767,3623,3782,4214,1757,2311,1081,7642,7428,3274,3274,975,5369,5259,1008,1592,1407,13711,14232,16737,7797,4674,5683,8450,8014,4759,993,4382,409,495,981,1102,1777,1733,2395,3117,2159,3716,3972,3370,3260,4154,18941,5410,6632,9534,7082,13037,11903,4403,3702,2216,15799,15645,12266,10315,13961,7501,35687,13711,5214,3977,4093,3804,4193,3950,3431,3434,2946,5084,4300,7268,5530,5399,5334,7070,270
"G370","2014-2018",,,"North Carolina","37",,,,,,,,,,,,,,,,,,,,,,,,,,,,"North Carolina",,,0,0,7853,5653,1559,1935,674,7857,6193,1949,5679,0,99,1516,4749,1289,1938,507,2111,5381,769,5344,99,7378,2505,1362,418,373,7367,2446,1699,1623,0,99,99,10612,10901,10302,5585,4955,2235,1457,1022,767,1439,1402,208,359,243,128,611,537,794,2360,1817,4192,749,1080,4776,3027,3083,2428,2508,2333,1050,1398,553,4827,4857,2652,2492,717,3456,3429,629,1275,695,8585,10078,11207,5257,3676,4306,5616,5643,3232,1458,2058,297,260,353,653,931,895,1015,1999,1653,2099,3253,3745,3506,2131,9928,3964,6252,9052,5984,10152,6224,2519,2421,1522,10829,10675,10319,10282,12147,6646,25233,8585,3364,3109,2621,3206,3183,3217,3435,3294,2750,4284,4126,4959,3555,3256,2862,2986,224
"G380","2014-2018",,,"North Dakota","38",,,,,,,,,,,,,,,,,,,,,,,,,,,,"North Dakota",,,0,0,1118,779,725,486,154,977,1197,393,1140,0,106,485,767,687,497,154,499,1072,94,1065,107,969,130,290,84,19,860,581,388,418,0,106,107,2364,2175,2323,1105,905,580,355,203,163,322,316,42,16,80,22,142,99,322,726,316,877,283,343,1032,602,631,516,604,290,132,159,77,1091,1074,552,520,156,806,806,130,175,176,1937,1839,1719,1299,776,1004,1999,1875,1133,659,387,62,67,32,58,65,104,150,197,199,599,417,454,515,474,1811,864,1058,1674,1537,1858,991,689,427,395,1865,1809,1933,1405,1940,1515,4034,1937,791,836,670,629,815,838,652,814,814,1121,1156,1345,1152,855,962,765,688
"G390","2014-2018",,,"Ohio","39",,,,,,,,,,,,,,,,,,,,,,,,,,,,"Ohio",,,0,0,3876,4428,1225,2128,434,3911,5261,1775,4987,0,293,1492,4353,953,2081,386,1650,4991,1053,4692,293,3668,1463,893,329,172,3558,1974,1438,1665,0,293,293,10571,11535,11184,5284,4411,1923,1195,970,656,2477,2429,166,277,162,139,574,427,1064,2631,1565,3500,798,1197,6456,3209,2706,2801,2835,2084,1174,1382,699,6461,6386,2966,2779,771,4510,4401,743,1085,864,10201,9256,11965,6827,3290,5595,6649,6674,3254,1257,1895,215,174,251,428,750,522,678,1084,884,1818,2302,3187,3645,2721,12355,4400,5849,8323,5868,8890,6717,2398,2027,1839,10354,12980,8915,7631,10259,7655,23286,10201,2949,2626,3295,3074,3347,2956,3501,2973,2831,3597,4666,4860,3747,3215,3233,2938,167
"G400","2014-2018",,,"Oklahoma","40",,,,,,,,,,,,,,,,,,,,,,,,,,,,"Oklahoma",,,0,0,3865,1848,2742,1137,545,3398,4246,1240,3957,0,0,626,1720,2635,1093,514,572,3712,551,3558,0,3816,622,1115,264,233,3348,1932,1110,1556,0,0,0,3884,4327,4652,2449,2297,951,746,599,289,606,647,119,56,55,109,324,340,369,1176,730,1545,485,672,1961,1367,1269,1292,1240,874,486,665,277,1897,1921,1109,1070,354,1283,1326,306,431,548,3107,3716,3298,2967,1659,2239,3020,2760,1667,765,1116,132,144,183,353,421,434,478,1180,624,1218,1318,1364,1599,1254,4412,2262,2562,3453,2673,3975,2294,1151,986,857,4506,6478,4186,4430,5241,3021,9843,3107,1610,1748,1348,1526,1570,1573,1633,1629,1162,1782,1955,2341,1658,1385,1226,1325,213
"G410","2014-2018",,,"Oregon","41",,,,,,,,,,,,,,,,,,,,,,,,,,,,"Oregon",,,0,0,4552,1631,2043,1885,668,4467,3900,1851,3455,0,0,1164,1403,1501,1873,597,1118,2810,607,2784,0,4177,617,1246,461,327,4303,2518,1817,2040,0,0,0,5824,7031,6990,3917,3381,1146,942,657,416,2306,2264,761,742,376,91,428,488,1596,2218,1076,2793,483,897,2671,1820,1700,1470,1689,1287,725,829,711,2739,2540,1351,1220,672,1896,1790,558,888,791,4000,4521,5258,3160,1744,2859,3544,3618,2482,744,1451,150,174,395,396,697,431,784,1389,588,1438,1571,1748,1758,1488,5036,2755,3275,5441,3027,5345,3253,1825,1371,1416,5924,6519,5594,5283,5540,4420,12065,4000,1960,1883,1995,2076,1961,1897,1674,1880,1910,2423,2804,3113,2314,1761,1935,1887,384
"G420","2014-2018",,,"Pennsylvania","42",,,,,,,,,,,,,,,,,,,,,,,,,,,,"Pennsylvania",,,0,0,5470,5104,1794,2249,445,5426,5951,2177,5473,0,108,1448,4028,1003,2084,290,1761,4501,1090,4503,108,5399,3366,1245,606,387,5237,2995,1810,2289,0,108,108,12277,13009,12633,5394,4794,2236,1419,827,744,4937,4357,691,1591,1656,178,695,422,1455,4310,1498,4045,629,1357,7163,3583,2904,2899,3468,2641,1124,1506,770,6913,6648,2623,2537,782,4968,4795,755,1533,1246,9263,10250,12997,6398,3332,4884,6911,7093,3583,1002,2198,276,246,354,556,718,701,838,1550,1172,1954,2689,2965,2938,2659,12305,3916,4584,7116,6045,8564,6969,3052,2467,2042,9509,13403,7610,8609,10347,6317,25865,9263,3705,3220,3057,2902,2769,2930,3155,2461,3138,3807,3675,5171,4368,3649,3212,3261,234
"G440","2014-2018",,,"Rhode Island","44",,,,,,,,,,,,,,,,,,,,,,,,,,,,"Rhode Island",,,0,0,2988,1803,802,889,307,2932,1977,1141,1864,0,0,796,1171,535,856,274,999,1332,669,1407,0,2897,1429,571,252,137,2890,1233,783,953,0,0,0,2931,3415,3416,1942,1726,563,461,283,255,887,831,37,141,320,52,284,121,245,924,458,991,303,394,1331,836,843,729,943,615,338,445,177,1304,1248,661,599,223,956,933,223,405,296,1911,1962,2044,1633,995,1429,1993,1878,1151,356,758,106,60,315,267,452,526,389,505,428,708,821,881,928,787,3176,1195,1542,2466,1649,2578,1941,716,950,462,2593,3162,2237,2352,2656,1959,5179,1911,1239,1022,887,946,1111,910,766,766,786,1084,1317,1814,1233,1037,957,957,705
"G450","2014-2018",,,"South Carolina","45",,,,,,,,,,,,,,,,,,,,,,,,,,,,"South Carolina",,,0,0,3149,3139,993,1271,495,3449,3416,1191,3213,0,94,826,2761,681,1243,472,1199,3151,638,3039,94,3168,1194,799,267,111,3268,1468,1035,924,0,94,94,8095,8277,8701,4246,3868,1501,1083,665,455,1032,996,91,161,106,212,393,361,411,1491,1154,2062,490,575,3335,2503,1945,1914,2045,1641,970,1219,467,3287,3072,1604,1561,576,2220,2220,451,980,429,6012,7097,6880,4404,2425,3332,4817,4316,2192,783,1285,214,151,256,387,686,527,794,1165,1129,1832,2213,2535,2281,2044,6951,3050,4036,4978,3799,5752,4136,1636,1420,1142,7185,10958,7456,5739,7509,6087,17003,6012,2716,2400,2349,2464,2287,2415,2007,2233,1860,2748,2890,3461,2581,1927,2012,1807,271
"G460","2014-2018",,,"South Dakota","46",,,,,,,,,,,,,,,,,,,,,,,,,,,,"South Dakota",,,0,0,1118,749,1181,479,100,838,1583,332,1586,0,223,338,724,1014,479,90,361,1496,71,1494,223,1032,135,426,82,38,744,502,324,411,0,223,223,2456,2599,2516,1137,958,536,311,303,146,500,488,20,44,22,31,109,166,268,817,329,992,343,553,1096,669,712,593,652,314,156,219,72,1129,1106,609,599,170,902,906,189,235,497,2003,1903,1824,1261,767,982,1794,1791,856,678,391,51,45,75,147,183,154,95,236,140,676,422,553,560,478,2224,1040,1212,1850,1585,2149,1197,723,483,523,2321,2720,2079,1844,2436,1530,3844,2003,803,904,797,791,779,908,817,775,759,1032,1336,1202,1019,769,654,593,508
"G470","2014-2018",,,"Tennessee","47",,,,,,,,,,,,,,,,,,,,,,,,,,,,"Tennessee",,,0,0,4033,3465,1114,1485,507,3580,4315,1163,3720,0,309,1192,3096,977,1490,476,1291,3639,639,3444,309,3943,1469,610,273,208,3827,1568,1007,940,0,309,309,8994,9869,9644,5080,4345,1779,1067,603,548,986,969,114,99,261,110,314,411,444,1355,1552,2327,789,977,3625,2358,2095,2135,2168,1728,796,1042,527,3669,3602,1781,1673,526,2643,2629,575,940,556,6524,7095,8314,4520,2705,4031,5669,5320,3165,1480,1762,176,185,349,436,758,631,661,1251,1222,2291,2287,2296,2771,1976,8688,3671,4390,5996,3939,6824,4049,1884,1707,1266,8023,10842,7623,8342,9649,5261,19531,6524,3283,2773,2975,2718,2715,2712,2516,2393,2367,3355,3559,3910,3296,2332,2236,1909,250
"G480","2014-2018",,,"Texas","48",,,,,,,,,,,,,,,,,,,,,,,,,,,,"Texas",,,0,0,22200,6566,4902,4903,1173,19669,12865,6421,9863,0,206,2579,5872,1809,4791,1009,3075,7830,1694,7482,206,21998,4262,4314,1389,648,19212,7672,5715,4959,0,206,206,17436,20181,16606,14558,10486,5582,3005,2240,1154,3173,3047,537,695,823,243,738,1154,1453,3412,3393,6005,1144,1482,7435,4625,4712,4232,4258,5074,2502,2751,1337,7574,7429,3472,3303,1093,5376,5377,838,1717,1137,18343,19105,23549,9678,6231,7481,10635,10102,5529,2079,6370,458,640,1213,2217,3189,2180,3027,7832,3082,5076,7244,5625,5809,5197,21543,8205,13811,17480,10864,17076,11279,3895,3819,2529,20826,24069,17261,16506,23404,13443,50164,18343,5459,4616,4752,5432,5993,4958,4860,5054,5289,6137,8027,8635,7481,5068,5697,5833,209
"G490","2014-2018",,,"Utah","49",,,,,,,,,,,,,,,,,,,,,,,,,,,,"Utah",,,0,0,4656,1234,1333,1343,1005,4563,2754,1376,2579,0,0,893,1120,907,1324,965,786,2098,503,2094,0,4506,580,899,295,145,4380,1662,1250,1286,0,0,0,4345,4407,5079,3200,2785,1306,914,615,425,1445,1105,409,455,567,72,183,455,655,1768,768,2205,371,567,1576,1144,1194,1062,1121,916,534,542,287,1636,1605,884,846,239,1283,1285,212,378,478,2261,3150,3847,2400,1454,1845,2787,2554,1580,579,977,179,179,255,282,375,443,313,1114,520,682,1196,909,1150,1267,4406,1594,2887,3971,2956,3822,2787,1144,884,937,5040,5903,4543,3978,4970,3948,10665,2261,1512,1082,1172,1312,1176,984,1181,1204,1322,1686,2237,2495,2031,1366,1255,1268,437
"G500","2014-2018",,,"Vermont","50",,,,,,,,,,,,,,,,,,,,,,,,,,,,"Vermont",,,0,0,414,414,297,406,80,363,686,127,677,0,0,193,394,269,406,68,258,673,87,674,0,362,130,134,33,22,303,236,85,211,0,0,0,1780,1968,2034,1026,906,325,199,104,147,401,415,26,98,28,30,101,102,336,864,342,800,246,313,909,620,563,520,557,291,225,190,284,878,825,436,396,216,610,633,210,239,231,1229,1581,1395,1162,651,997,1621,1404,934,382,332,39,55,25,87,53,34,72,139,143,389,407,512,562,480,1650,671,818,1346,1103,1507,1187,556,463,363,1678,1814,1483,1476,1805,1295,3398,1229,748,614,759,630,718,696,627,523,653,810,904,1087,817,619,614,614,656
"G510","2014-2018",,,"Virginia","51",,,,,,,,,,,,,,,,,,,,,,,,,,,,"Virginia",,,0,0,6402,5365,1339,3435,516,6457,6030,2400,5534,0,504,1233,4598,828,3342,427,1586,5272,1052,5299,504,6234,2067,1055,751,279,6117,2893,2137,1776,0,504,504,8682,11071,10333,5182,4526,2307,1251,840,607,2928,2522,180,1929,967,133,859,560,1031,2290,1655,3028,704,913,4102,2429,1857,2271,2386,2043,1228,1197,739,3938,4003,1946,1845,609,3151,3169,632,1369,543,7210,7640,9199,4814,2770,3913,5291,5014,3305,1776,2227,202,227,380,590,855,649,1180,2124,1356,1930,2446,2723,2665,1936,9257,3490,4008,7244,3933,8391,6938,2746,2369,1377,8375,9445,7240,6850,8210,4638,20488,7210,2499,2108,2412,2473,2527,2399,2722,2354,2273,3387,3563,3682,3315,2957,2843,3294,326
"G530","2014-2018",,,"Washington","53",,,,,,,,,,,,,,,,,,,,,,,,,,,,"Washington",,,0,0,7711,3222,2502,3029,1180,7412,5515,2309,4690,0,0,1154,2746,1720,3017,1121,1222,4201,817,4225,0,7426,1393,1648,647,322,7085,3288,2174,2165,0,0,0,7262,8786,9135,5108,4525,1803,1138,895,693,3424,3323,383,773,834,745,480,772,1301,2959,1323,2990,519,896,3807,2303,1906,2024,2023,1562,1014,952,655,3754,3725,1746,1657,712,2918,2807,705,1149,857,5474,6110,8241,4869,2232,3758,5461,5440,3360,907,2171,159,214,445,565,911,808,860,1590,986,1587,2011,1886,2064,2013,7615,2822,4289,6864,4392,7579,5168,2361,1989,1363,5807,8087,6631,6759,7904,6280,14975,5474,2968,2096,2325,2322,1977,2267,2293,2299,1991,2936,3306,3884,2877,2707,2748,2752,308
"G540","2014-2018",,,"West Virginia","54",,,,,,,,,,,,,,,,,,,,,,,,,,,,"West Virginia",,,0,0,1292,1188,480,605,123,1039,1259,414,1204,0,460,942,1114,476,592,127,779,1233,326,1189,460,900,384,76,143,44,643,419,302,258,0,460,460,4417,4260,4296,2158,2077,777,460,201,167,609,569,45,75,150,33,107,132,241,968,473,1158,575,606,1920,1374,1326,1091,1439,786,464,671,274,1969,1934,1099,1048,351,1378,1371,291,380,247,2910,3141,3109,2278,1162,2165,2963,2797,1305,831,664,89,112,138,134,182,255,341,619,692,1119,1372,1479,1024,754,4640,2264,1903,2773,1894,2986,1806,896,696,743,4317,4145,3547,3948,3780,2461,9242,2910,1819,1451,1503,1413,1572,1468,1304,1236,958,1694,1536,1779,1472,1125,1083,862,470
"G550","2014-2018",,,"Wisconsin","55",,,,,,,,,,,,,,,,,,,,,,,,,,,,"Wisconsin",,,0,0,3694,1986,1200,1317,408,3545,3587,1235,3065,0,0,705,2005,1088,1278,396,698,2777,439,2671,0,3776,782,535,256,110,3540,1902,1166,1394,0,0,0,5993,6833,6471,3115,2910,1153,804,663,357,1432,1435,91,93,230,67,460,436,1025,1644,943,1939,475,785,3274,1793,1739,1514,1651,1083,468,689,371,3213,3127,1453,1411,437,2392,2410,468,1083,719,6471,5606,6687,3181,1730,2862,4359,4610,2269,816,1411,142,151,200,214,425,355,419,851,492,1171,1198,1283,1393,1624,6299,2125,3264,4519,3807,6273,3816,1614,1263,1336,5623,5993,4461,4647,5145,3791,11833,6471,2100,1874,2011,2081,1959,1850,1913,1570,1828,2786,2882,2945,2927,1913,1805,1439,236
"G560","2014-2018",,,"Wyoming","56",,,,,,,,,,,,,,,,,,,,,,,,,,,,"Wyoming",,,0,0,1465,605,786,498,272,1161,1072,349,978,0,184,152,565,594,502,231,134,863,73,862,184,1443,169,463,59,111,1138,576,338,419,0,184,184,2058,2348,2476,1381,994,667,360,326,131,468,460,16,47,28,22,99,178,356,944,353,1073,302,337,1107,717,704,642,700,387,257,236,112,1122,1057,605,581,146,723,700,178,280,142,1390,1582,1712,1262,818,992,1699,1774,882,628,344,65,94,55,46,193,94,72,330,215,422,377,418,553,512,2034,818,1169,1705,1405,1782,1116,495,485,346,1823,2288,1702,1962,2230,1519,3777,1390,761,678,760,755,672,679,633,742,656,914,888,1186,1100,774,710,754,932
"G720","2014-2018",,,"Puerto Rico","72",,,,,,,,,,,,,,,,,,,,,,,,,,,,"Puerto Rico",,,0,0,9541,6294,1171,892,268,8302,4871,1365,4615,0,1879,1580,510,36,662,39,420,398,93,384,1879,9613,6304,1169,670,262,8291,4893,1379,4627,0,1879,1879,5937,6681,6565,2718,2285,902,495,365,268,1166,754,773,392,48,141,158,249,358,1192,1132,1203,0,771,2434,2372,2118,1830,1802,1664,722,1812,455,2459,2279,1401,1404,444,1691,1672,419,653,770,4286,4328,3777,3648,2037,3224,3592,3652,1573,0,2114,223,204,880,1041,1424,1512,1380,1944,1490,1656,2375,1463,1594,1174,4513,1994,1421,3483,3837,4652,2747,1387,1159,597,9425,10942,6362,5791,6475,4439,11235,4286,3362,2821,2440,1974,2170,1799,1582,1450,1409,1767,1601,1516,1108,698,784,724,190
