GISJOIN,YEAR,REGIONA,DIVISIONA,STATE,STATEA,COUNTYA,COUSUBA,PLACEA,TRACTA,BLKGRPA,CONCITA,AIANHHA,RES_ONLYA,TRUSTA,AITSCEA,ANRCA,CBSAA,CSAA,METDIVA,NECTAA,CNECTAA,NECTADIVA,UAA,CDCURRA,SLDUA,SLDLA,ZCTA5A,SUBMCDA,SDELMA,SDSECA,SDUNIA,PUMA5A,NAME,BTTRA,BTBGA,AJWME001,AJWNE001,AJWNE002,AJWNE003,AJWNE004,AJWNE005,AJWNE006,AJWNE007,AJWNE008,AJWNE009,AJWNE010,AJWVE001,AJWVE002,AJWVE003,AJWVE004,AJWVE005,AJWVE006,AJWVE007,AJWVE008,AJWVE009,AJWVE010,AJWVE011,AJWVE012,AJWVE013,AJWVE014,AJWVE015,AJWVE016,AJWVE017,AJWVE018,AJWVE019,AJWVE020,AJWVE021,AJWWE001,AJWWE002,AJWWE003,AJXCE001,AJXCE002,AJXCE003,AJXCE004,AJXCE005,AJXCE006,AJXCE007,AJXCE008,AJXCE009,AJXCE010,AJXCE011,AJXCE012,AJXCE013,AJXCE014,AJXCE015,AJXCE016,AJXCE017,AJXCE018,AJXCE019,AJXCE020,AJXCE021,AJXIE001,AJXIE002,AJXIE003,AJXIE004,AJXIE005,AJXIE006,AJXIE007,AJXIE008,AJXIE009,AJXIE010,AJXIE011,AJXIE012,AJXIE013,AJXIE014,AJXIE015,AJXIE016,AJXIE017,AJXIE018,AJXIE019,AJXIE020,AJXIE021,AJXKE001,AJXKE002,AJXKE003,AJXKE004,AJXKE005,AJXKE006,AJXKE007,AJXKE008,AJXKE009,AJYPE001,AJYPE002,AJYPE003,AJYPE004,AJYPE005,AJYPE006,AJYPE007,AJYPE008,AJYPE009,AJYPE010,AJYPE011,AJYPE012,AJYPE013,AJYPE014,AJYPE015,AJYPE016,AJYPE017,AJYPE018,AJYPE019,AJYPE020,AJYPE021,AJYPE022,AJYPE023,AJYPE024,AJYPE025,AJY4E001,AJY4E002,AJY4E003,AJY4E004,AJY4E005,AJY4E006,AJY4E007,AJY4E008,AJY9E001,AJY9E002,AJY9E003,AJY9E004,AJY9E005,AJY9E006,AJY9E007,AJY9E008,AJY9E009,AJY9E010,AJY9E011,AJY9E012,AJY9E013,AJY9E014,AJY9E015,AJY9E016,AJY9E017,AJZAE001
"G010","2014-2018",,,"Alabama","01",,,,,,,,,,,,,,,,,,,,,,,,,,,,"Alabama",,,4864680,4864680,3317453,1293186,25576,64609,2182,70055,91619,7079,84540,4864680,4661534,3196730,1285737,23243,63936,1521,7503,82864,2235,80629,203146,120723,7449,2333,673,661,62552,8755,4844,3911,4864680,4661534,203146,2051445,1934423,1760032,174391,135992,23411,8459,3682,2847,6959,6427,126,98,65,243,741,2238,2115,22977,15111,66881,783832,762634,533442,276825,173755,103070,194028,31672,7541,20275,3101,229192,220869,68744,64127,4617,152125,148233,3892,8323,21198,1860269,1229905,883386,346519,78523,267996,630364,548612,81752,3299958,41240,472,496,801,1831,5304,4582,6895,21392,22023,44356,68661,93256,97758,60976,838776,181396,199534,514121,273493,515443,221842,50429,34881,4742208,360959,468441,253831,234252,341805,133637,2949283,1860269,163312,117629,114088,108736,100244,98408,89216,86970,74023,147857,176464,213319,139638,82409,78452,69504,48486
"G020","2014-2018",,,"Alaska","02",,,,,,,,,,,,,,,,,,,,,,,,,,,,"Alaska",,,738516,738516,478834,24129,106660,46556,8849,11027,62461,3474,58987,738516,687330,450754,22817,103506,45617,8544,1459,54633,645,53988,51186,28080,1312,3154,939,305,9568,7828,2829,4999,738516,687330,51186,358627,290566,246808,43758,32201,6457,3147,1164,789,4981,4598,46,37,23,277,1045,488,3590,27575,13651,16731,78428,76072,52967,25891,16376,9515,18973,3797,1350,1666,1290,23105,20661,8950,7891,1059,11711,10689,1022,2444,2356,253462,167633,125847,41786,14959,26827,85829,65197,20632,477727,3479,97,66,40,504,642,594,607,1473,1126,3617,3233,6331,7390,5561,107913,25938,35716,93703,40052,88053,36794,9506,5292,720674,35602,42263,24577,26230,37870,16387,537745,253462,10230,7609,7962,8567,8830,8897,8630,9759,8172,18000,27311,36073,29553,20043,23692,20134,76715
"G040","2014-2018",,,"Arizona","04",,,,,,,,,,,,,,,,,,,,,,,,,,,,"Arizona",,,6946685,6946685,5364141,305259,309580,228887,14112,471823,252883,50168,202715,6946685,4783373,3825886,286614,271946,222477,12523,9177,154750,5011,149739,2163312,1538255,18645,37634,6410,1589,462646,98133,45157,52976,6946685,4783373,2163312,3008707,2632801,2306027,326774,250091,47031,15959,8880,4813,57302,52612,2319,1235,883,253,4477,12538,27178,57910,33773,182728,1158320,1139948,812029,396066,258441,137625,309916,58691,18081,21934,7341,327919,299562,107742,94452,13290,191820,179023,12797,28357,18372,2524300,1648126,1200133,447993,138254,309739,876174,689602,186572,4633932,69737,710,896,3815,5991,13724,9556,12742,65142,15961,68009,76200,78493,95350,96676,927855,184696,352036,820125,398147,835120,362611,83023,57317,6788985,509325,582867,341454,323012,479774,199156,4353397,2524300,170434,111075,118026,126194,125448,125317,118929,123277,107425,210570,262334,315900,211274,131233,133172,133692,56213
"G050","2014-2018",,,"Arkansas","05",,,,,,,,,,,,,,,,,,,,,,,,,,,,"Arkansas",,,2990671,2990671,2302874,460970,20037,43988,7969,78981,75852,7323,68529,2990671,2771619,2173849,458536,17342,43441,7877,4641,65933,1297,64636,219052,129025,2434,2695,547,92,74340,9919,6026,3893,2990671,2771619,219052,1274750,1189092,1055112,133980,100515,20412,7285,3414,2354,4631,4322,50,110,72,77,801,2134,2205,22089,10341,43457,487536,470036,327067,167867,107813,60054,125966,16864,4571,10045,1754,142969,136992,44566,41276,3290,92426,89489,2937,5977,17500,1152175,764816,558867,205949,52998,152951,387359,327441,59918,1999307,22927,251,383,544,1860,4848,3514,5171,17758,12708,30420,37717,47019,57990,32919,557808,123415,136060,315304,139070,288720,115355,27579,19967,2903003,210464,299873,174549,168010,228923,91671,1729513,1152175,93423,74534,70617,73576,69556,65675,61375,60069,51743,95124,111457,124254,78338,44816,39928,37690,45726
"G060","2014-2018",,,"California","06",,,,,,,,,,,,,,,,,,,,,,,,,,,,"California",,,39148760,39148760,23529068,2267875,296475,5604339,153366,5415410,1882227,405831,1476396,39148760,23927183,14695836,2164519,138427,5525439,138911,97763,1166288,51799,1114489,15221577,8833232,103356,158048,78900,14455,5317647,715939,354032,361907,39148760,23927183,15221577,17904213,15039427,13203972,1835455,1350936,279525,111333,56220,37441,910567,588949,22326,210027,78582,10683,25127,60775,180761,474721,192025,1020810,5315457,5181095,3742090,1698878,1062237,636641,1182858,488341,150578,163208,58227,1439005,1325080,445650,388501,57149,879430,815030,64400,113925,134362,12965435,8915228,6437416,2477812,773046,1704766,4050207,3084533,965674,26218885,701772,6811,10025,36246,84552,172073,108491,146865,769722,124539,310093,492650,349498,481594,680634,4786892,604228,1498152,4083998,2051313,5445781,2222636,627892,422428,38407403,2401275,3085866,1803821,1746259,2460075,999522,25910585,12965435,656515,573531,499894,536077,510114,513108,480115,495884,439574,880868,1184505,1589511,1225091,877148,1082448,1421052,71228
"G080","2014-2018",,,"Colorado","08",,,,,,,,,,,,,,,,,,,,,,,,,,,,"Colorado",,,5531141,5531141,4655584,227938,54483,172695,8296,214817,197328,34311,163017,5531141,4346347,3778212,216732,30131,169556,7480,10352,133884,4472,129412,1184794,877372,11206,24352,3139,816,204465,63444,29839,33605,5531141,4346347,1184794,2822072,2374938,2125477,249461,188180,37939,14344,6301,2697,86516,67401,2557,10676,5583,299,1731,4711,33829,80354,21779,218214,740638,723981,501676,249848,162397,87451,196139,30660,11171,10540,3318,222305,209027,71873,64953,6920,137154,130643,6511,13278,16657,2113387,1351683,1050035,301648,97891,203757,761704,578532,183172,3748592,35883,431,598,1503,3080,6093,4412,6915,35856,9617,29217,39105,44023,53024,52961,657022,146409,232804,570533,314214,944470,409786,87493,63143,5409817,269128,321376,200761,199621,309444,134904,3974583,2113387,107807,73311,73097,81688,83573,88139,87818,88689,79871,163943,212739,288416,212974,145127,159913,166282,68811
"G090","2014-2018",,,"Connecticut","09",,,,,,,,,,,,,,,,,,,,,,,,,,,,"Connecticut",,,3581504,3581504,2734880,378262,9698,158817,1173,185244,113430,24904,88526,3581504,3019713,2418696,351817,5320,157406,752,11421,74301,4821,69480,561791,316184,26445,4378,1411,421,173823,39129,20083,19046,3581504,3019713,561791,1780653,1535452,1391925,143527,114248,16759,6390,3325,2805,84347,41788,351,2226,39810,172,2505,1284,4895,49525,12079,90566,587580,561882,382120,187573,113259,74314,143009,29366,9033,9976,3163,179762,170116,51888,47195,4693,118228,112618,5610,9646,25698,1367374,892940,660364,232576,61758,170818,474434,390350,84084,2478708,25659,299,337,1175,2064,4887,5367,7977,18547,8004,26752,27957,36056,35711,35034,591158,79361,129622,286645,190869,538924,309751,74380,42172,3474901,162335,186114,109143,108435,167105,63140,2678629,1367374,70710,48894,48387,52382,49434,48131,49118,50303,46092,91410,120646,170246,133855,101684,123672,162410,76106
"G100","2014-2018",,,"Delaware","10",,,,,,,,,,,,,,,,,,,,,,,,,,,,"Delaware",,,949495,949495,654905,209892,3455,36723,477,18034,26009,2578,23431,949495,863180,595623,204665,2851,36464,276,1804,21497,692,20805,86315,59282,5227,604,259,201,16230,4512,1886,2626,949495,863180,86315,444908,396966,360365,36601,28510,5055,1376,1044,616,11739,9067,82,319,2196,75,137,433,1328,9518,3154,21633,167129,162749,118252,58806,37376,21430,45006,7452,2723,2944,1321,44497,41381,13574,12113,1461,27807,26355,1452,3116,4380,357765,237901,174333,63568,16416,47152,119864,97487,22377,659979,6867,161,110,229,395,936,653,1000,4123,2190,6210,8197,12535,13701,10175,187042,21515,39834,85352,51522,120794,62275,12399,11764,923678,50291,59507,31323,33137,50650,21816,676954,357765,19901,12769,12490,15416,15365,16843,15105,14978,13875,27672,36996,50512,34311,22450,25568,23514,65627
"G110","2014-2018",,,"District of Columbia","11",,,,,,,,,,,,,,,,,,,,,,,,,,,,"District of Columbia",,,684498,684498,280469,321317,1993,26718,340,33518,20143,2631,17512,684498,609722,248057,315281,1314,26278,280,2648,15864,760,15104,74776,32412,6036,679,440,60,30870,4279,1871,2408,684498,609722,74776,366168,144993,125462,19531,14271,3310,1039,576,335,127530,50181,712,75595,1000,42,3131,557,16350,48047,3155,22405,81712,78032,42468,21954,9881,12073,12351,3928,517,2844,874,35564,33392,11773,10611,1162,21619,20507,1112,2172,3680,281322,121788,71726,50062,9811,40251,159534,124201,35333,486981,5399,144,19,355,512,1248,852,1497,3257,1730,3973,5531,6759,8912,5617,70723,12849,16914,45704,14637,118817,100571,40220,20741,650912,59892,49605,23513,20312,25517,11314,460759,281322,25944,12630,9426,8331,9622,8259,6817,7775,7474,14176,20711,30248,26126,19635,26806,47342,82604
"G120","2014-2018",,,"Florida","12",,,,,,,,,,,,,,,,,,,,,,,,,,,,"Florida",,,20598139,20598139,15529098,3316376,58118,559168,12887,580152,542340,92522,449818,20598139,15413419,11196857,3167011,41776,548642,10770,68744,379619,24067,355552,5184720,4332241,149365,16342,10526,2117,511408,162721,68455,94266,20598139,15413419,5184720,9140393,8096487,7255390,841097,645120,118199,43685,21406,12687,176146,157889,1289,9586,6519,863,16176,24884,58229,129987,103965,534519,4064376,3984138,2817155,1314932,859764,455168,998357,278468,79487,113556,32355,1166983,1061293,366361,318999,47362,694932,653147,41785,105690,80238,7621760,4917841,3560518,1357323,370231,987092,2703919,2188759,515160,14686727,217948,4133,3079,8925,17094,38446,32368,47359,147540,65779,141153,211071,251295,269658,313641,3616947,614731,941022,2022451,1438630,2721635,1081844,310270,169708,20178544,1299551,1684300,1043650,1031014,1468272,610299,13041458,7621760,520876,360160,389340,410675,410787,402990,382842,377521,331613,630925,770510,907315,592612,356367,368189,409038,53267
"G130","2014-2018",,,"Georgia","13",,,,,,,,,,,,,,,,,,,,,,,,,,,,"Georgia",,,10297484,10297484,6079976,3239300,33484,402501,6095,283680,252448,35861,216587,10297484,9329021,5476441,3195363,18416,399223,5070,30394,204114,9209,194905,968463,603535,43937,15068,3278,1025,253286,48334,26652,21682,10297484,9329021,968463,4667378,4165302,3708394,456908,342977,66096,26056,12648,9131,99181,71421,795,23545,3093,327,12680,4866,10723,69380,50744,254502,1352289,1320023,944326,467648,289564,178084,330896,78883,23760,35407,7732,375697,356043,112114,102972,9142,243929,235221,8708,19654,32266,3709488,2501768,1768511,733257,175248,558009,1207720,997979,209741,6786547,91231,1168,1421,3217,6428,14534,11356,17939,65172,34640,77650,121890,165149,172468,119651,1566284,323848,379243,1014998,518144,1282947,564866,142787,89516,10024689,727406,880308,495511,487769,687903,289389,6456403,3709488,269435,178646,181252,186094,184985,181841,167952,173008,155100,291450,367877,453876,307352,193627,201822,215171,55679
"G150","2014-2018",,,"Hawaii","15",,,,,,,,,,,,,,,,,,,,,,,,,,,,"Hawaii",,,1422029,1422029,355612,26266,2987,536842,143274,15292,341756,9805,331951,1422029,1274067,314536,24472,1877,522731,132583,1591,276277,1600,274677,147962,41076,1794,1110,14111,10691,13701,65479,8205,57274,1422029,1274067,147962,700228,566883,468932,97951,71338,16234,6340,3150,889,45326,44999,53,168,45,61,540,4379,5956,31742,12050,33352,245955,238767,183087,83684,48803,34881,56303,20150,5910,12118,4922,55680,51163,19581,16911,2670,31582,28773,2809,4517,7188,456782,319069,237269,81800,26023,55777,137713,108906,28807,988367,10953,143,303,456,1322,2147,1690,1835,8965,2793,6791,8148,11875,10850,12425,251280,22353,55742,152114,105186,212053,72121,22668,14154,1383626,66582,70934,40122,41754,68422,30354,1065458,456782,24195,13813,14000,14398,14515,15762,14993,17106,14490,31024,44890,64472,50968,37338,42240,42578,78084
"G160","2014-2018",,,"Idaho","16",,,,,,,,,,,,,,,,,,,,,,,,,,,,"Idaho",,,1687809,1687809,1527262,11536,22790,23758,2761,53110,46592,6908,39684,1687809,1478736,1387654,10739,18775,22809,2348,1038,35373,861,34512,209073,139608,797,4015,949,413,52072,11219,6047,5172,1687809,1478736,209073,757408,670856,595426,75430,56894,10506,4768,2031,1231,5418,5201,36,64,63,54,410,2036,7214,19434,6034,46006,253801,249330,177146,88877,59323,29554,71837,8024,3203,4058,1147,72184,68094,24336,22137,2199,43758,41929,1829,4090,4471,618331,418688,335422,83266,26870,56396,199643,163549,36094,1089266,10670,366,125,467,835,2095,1701,1698,8934,2692,8590,11422,15485,19551,18060,242641,59219,93908,193205,104333,198648,65700,15775,13146,1656621,92999,135883,84711,88146,130665,56274,1067943,618331,38492,29568,29865,33635,31268,34988,32391,31324,28244,54943,70028,76641,51057,28311,25253,22323,53089
"G170","2014-2018",,,"Illinois","17",,,,,,,,,,,,,,,,,,,,,,,,,,,,"Illinois",,,12821497,12821497,9189185,1824125,31864,690822,4582,762506,318413,62866,255547,12821497,10646655,7894286,1796057,15037,685343,3088,20105,232739,11627,221112,2174842,1294899,28068,16827,5479,1494,742401,85674,51239,34435,12821497,10646655,2174842,6124144,4962939,4476231,486708,375334,68689,23962,11343,7380,578636,229402,2973,199271,146470,520,15651,5379,39586,182578,48646,290729,1894903,1824233,1233620,618593,395421,223172,452298,92128,25849,36569,8183,590613,565575,178610,165323,13287,386965,374506,12459,25038,70670,4830038,3117333,2300306,817027,221315,595712,1712705,1417008,295697,8682343,110053,1540,1499,3765,9409,19267,15338,21906,108617,25058,116044,96288,130607,153866,151330,1955687,311848,568857,1230951,692622,1801833,847698,194142,114118,12523283,753709,881894,515668,504434,721667,307825,8838086,4830038,314802,194284,210540,220865,206622,209338,198458,201578,177177,359558,469039,613917,452341,298758,335066,367695,63575
"G180","2014-2018",,,"Indiana","18",,,,,,,,,,,,,,,,,,,,,,,,,,,,"Indiana",,,6637426,6637426,5548277,619472,14925,144991,2818,144648,162295,20887,141408,6637426,6187159,5275162,610343,12125,143883,2133,9793,133720,3794,129926,450267,273115,9129,2800,1108,685,134855,28575,17093,11482,6637426,6187159,450267,3107072,2851074,2578594,272480,213520,33103,12153,8091,5613,31522,24684,457,1563,4469,349,2346,3459,12793,64980,24295,116603,996063,957455,652994,335029,220708,114321,255722,32668,10902,15014,3659,304461,290910,92530,84783,7747,198380,191477,6903,13551,38608,2553818,1668393,1238730,429663,122762,306901,885425,726648,158777,4399815,40742,717,647,1364,2183,4799,4687,5432,23220,12104,68745,67275,97514,101520,71675,1248789,227142,293011,605831,382510,727108,304487,62892,45421,6435742,414740,493619,287516,293239,433276,173699,4339653,2553818,161937,117149,130218,132008,132773,135371,126209,128048,112088,218078,274815,335317,214337,125469,113344,96657,54325
"G190","2014-2018",,,"Iowa","19",,,,,,,,,,,,,,,,,,,,,,,,,,,,"Iowa",,,3132499,3132499,2827889,109911,11549,75083,3129,39168,65770,5130,60640,3132499,2949203,2695888,107471,9067,74640,2863,2806,56468,633,55835,183296,132001,2440,2482,443,266,36362,9302,4497,4805,3132499,2949203,183296,1583271,1416582,1285034,131548,101329,17458,6453,4226,2082,17435,16984,112,72,32,235,1243,2417,7766,51801,10755,75272,513312,488249,325283,167424,112173,55251,139944,9631,2369,4791,1124,162966,156349,48226,44598,3628,108123,105005,3118,6617,25063,1256855,800510,634021,166489,53290,113199,456345,367268,89077,2081373,16321,489,313,380,1125,2320,1431,2308,9044,4117,27634,18838,25678,32960,23751,565437,82700,152796,288291,238423,395820,132751,33970,24476,3030572,160431,193203,127966,124014,180262,83130,2161566,1256855,68502,55656,59026,60647,59917,61240,57473,61014,53332,104907,137981,178095,116267,68003,61585,53210,58580
"G200","2014-2018",,,"Kansas","20",,,,,,,,,,,,,,,,,,,,,,,,,,,,"Kansas",,,2908776,2908776,2460619,169801,24050,83531,2143,67588,101044,9398,91646,2908776,2568160,2214543,163713,19504,82887,1827,2302,83384,1092,82292,340616,246076,6088,4546,644,316,65286,17660,8306,9354,2908776,2568160,340616,1422992,1299825,1169866,129959,97932,18831,6939,4206,2051,6898,6397,112,130,39,220,730,2557,5119,33452,11029,63382,437777,417661,283073,144996,96672,48324,115870,11763,3869,5245,1330,134588,129531,40328,37790,2538,89203,86697,2506,5057,20116,1124549,731657,571526,160131,49491,110640,392892,325708,67184,1894675,16970,383,330,718,1476,2793,2235,2326,13976,5295,22710,21071,26026,33295,26115,415835,76984,152303,289742,161016,394462,168742,36091,23781,2825033,154010,196270,124797,125700,188397,75442,1960417,1124549,65369,49481,51662,53743,57200,57142,53796,55380,48322,92506,120175,147236,100104,59025,58781,54627,57422
"G210","2014-2018",,,"Kentucky","21",,,,,,,,,,,,,,,,,,,,,,,,,,,,"Kentucky",,,4440204,4440204,3866676,354112,9888,62802,2814,44086,99826,8026,91800,4440204,4281460,3764082,349407,8498,62432,2339,6057,88645,1732,86913,158744,102594,4705,1390,370,475,38029,11181,6294,4887,4440204,4281460,158744,1929677,1769353,1584648,184705,146314,23389,7997,4640,2365,20400,19943,127,82,95,153,1198,1741,3692,42943,20648,69702,691509,667218,459032,237740,150320,87420,175432,24005,6602,12429,2824,208186,200098,64165,58781,5384,135933,131523,4410,8088,24291,1728681,1135709,836598,299111,82763,216348,592972,491997,100975,3004004,32771,298,485,1087,1984,4879,4312,7057,17086,18828,86211,63815,76936,71826,41998,787966,203825,199735,428500,244802,415937,211163,53145,29358,4302315,334537,437543,217239,213552,298531,120248,2680665,1728681,152774,105004,100724,97642,94969,93022,85583,84813,73021,137713,169150,199666,129000,76995,67534,61071,48392
"G220","2014-2018",,,"Louisiana","22",,,,,,,,,,,,,,,,,,,,,,,,,,,,"Louisiana",,,4663616,4663616,2901106,1502916,26272,79872,1468,60419,91563,8858,82705,4663616,4428696,2744265,1492230,24014,79137,1154,8905,78991,2194,76797,234920,156841,10686,2258,735,314,51514,12572,6664,5908,4663616,4428696,234920,2007599,1847379,1660274,187105,139278,28876,11098,4510,3343,25582,23711,1304,234,107,226,1948,2486,10474,36198,23242,60290,676707,653978,447240,229423,137237,92186,160522,28589,6666,18597,3443,206738,197425,66180,61032,5148,131245,126998,4247,9313,22729,1736021,1113951,751595,362356,88389,273967,622070,524332,97738,3107941,36825,570,327,1642,1870,6373,4741,8940,22908,24783,49239,64539,93018,102798,53387,889374,166394,169443,486729,186448,483170,173858,51432,29133,4531598,393480,484914,248588,227702,309236,126005,2741673,1736021,167068,108333,107587,104135,97404,87724,77778,77475,69014,126646,154607,188543,131031,82248,81945,74483,47942
"G230","2014-2018",,,"Maine","23",,,,,,,,,,,,,,,,,,,,,,,,,,,,"Maine",,,1332813,1332813,1259217,17881,8302,14917,318,2970,29208,1297,27911,1332813,1311392,1244525,16990,7722,14814,258,843,26240,379,25861,21421,14692,891,580,103,60,2127,2968,918,2050,1332813,1311392,21421,651799,574444,511466,62978,51040,7023,2159,1097,1659,4159,3384,49,132,179,415,1561,927,2729,25602,4852,37525,259176,250136,165672,83238,51908,31330,68597,7203,2106,3090,1438,84464,78653,25961,22622,3339,52692,49535,3157,5811,9040,556955,347959,272403,75556,24867,50689,208996,163114,45882,967897,5409,199,93,147,162,375,527,902,1790,2733,14094,10002,14335,13563,10095,260693,47320,59404,130205,96570,190172,78014,18281,12812,1296990,64480,97263,56084,57443,82270,36345,903105,556955,33789,30791,29911,27098,27207,28358,26883,24690,23151,45847,59728,74153,49024,27811,25562,22952,55425
"G240","2014-2018",,,"Maryland","24",,,,,,,,,,,,,,,,,,,,,,,,,,,,"Maryland",,,6003435,6003435,3373181,1788090,15644,374277,3059,249815,199369,23951,175418,6003435,5414523,3084868,1759438,10949,371981,2265,19368,165654,7236,158418,588912,288313,28652,4695,2296,794,230447,33715,16715,17000,6003435,5414523,588912,3021967,2506407,2233034,273373,208320,37430,14112,8789,4722,258397,122601,1602,111886,21835,473,7710,2553,10199,70350,23926,142425,875337,846742,591276,288553,179004,109549,206867,52130,17044,21132,5550,255466,240774,74990,67281,7709,165784,157597,8187,14692,28595,2192518,1466554,1053860,412694,105838,306856,725964,591551,134413,4114858,49217,1085,1082,2027,4674,9076,6694,9897,30944,15136,34291,49308,63545,66849,65932,894293,127554,244463,534708,273518,877641,522662,124561,105701,5862050,267774,285722,170309,188100,276875,117016,4556254,2192518,103376,63381,65727,66417,71878,73649,72866,76848,69274,149066,201098,286460,238462,174830,222637,256549,81868
"G250","2014-2018",,,"Massachusetts","25",,,,,,,,,,,,,,,,,,,,,,,,,,,,"Massachusetts",,,6830193,6830193,5360006,510558,14493,442574,2329,284740,215493,33401,182092,6830193,6041066,4930412,463796,8890,440336,1698,53268,142666,14354,128312,789127,429594,46762,5603,2238,631,231472,72827,19047,53780,6830193,6041066,789127,3500223,2721039,2458064,262975,205921,33260,12026,6842,4926,358143,118713,7175,168360,60504,3391,8352,2932,29651,171603,32469,176034,1078224,1037089,690349,337854,206631,131223,255098,54006,18096,19264,6031,346740,327252,101653,91815,9838,225599,215493,10106,19488,41135,2601914,1651808,1224142,427666,109720,317946,950106,743506,206600,4748795,68153,842,1099,2469,5147,10665,17179,14989,28556,16803,48303,49215,62015,60121,68804,1019399,131447,228477,512307,365103,1128877,637628,141903,129294,6593960,333853,376452,207251,199134,287170,122836,5067264,2601914,141665,117095,99967,96039,90190,92898,84349,87098,77960,159016,223272,311620,262710,199140,247215,311680,77378
"G260","2014-2018",,,"Michigan","26",,,,,,,,,,,,,,,,,,,,,,,,,,,,"Michigan",,,9957488,9957488,7818588,1375424,53235,304403,2979,119141,283718,25580,258138,9957488,9459591,7489371,1360345,45772,303059,2464,14334,244246,6635,237611,497897,329217,15079,7463,1344,515,104807,39472,18945,20527,9957488,9459591,497897,4504994,4110477,3714050,396427,309901,52093,19241,9753,5439,61568,59491,427,845,336,469,5082,4067,19549,101150,28104,174997,1620944,1572739,1070600,554280,357774,196506,416135,53321,15350,24755,6759,502139,478704,156043,143536,12507,322661,310598,12063,23435,48205,3909509,2514380,1851321,663059,185523,477536,1395129,1146430,248699,6772215,72034,1177,1279,1349,3087,5549,5225,9598,24173,14817,61922,70754,122941,140989,106642,1695208,271601,515266,1074799,636753,1179677,559642,118563,79170,9731374,654072,802936,432134,421839,614636,252254,6553503,3909509,270974,182415,193595,200896,194588,201336,185299,189195,166406,318176,400946,485187,329368,202211,201893,187024,54938
"G270","2014-2018",,,"Minnesota","27",,,,,,,,,,,,,,,,,,,,,,,,,,,,"Minnesota",,,5527358,5527358,4606044,342186,58982,262359,2187,97833,157767,13309,144458,5527358,5234594,4438071,336505,53168,260797,1799,7021,137233,3286,133947,292764,167973,5681,5814,1562,388,90812,20534,10023,10511,5527358,5234594,292764,2879806,2488145,2243581,244564,188406,32398,12849,7018,3893,103390,93750,1918,4242,3216,264,2632,4209,22023,78319,18148,162940,830112,796051,537324,273110,182507,90603,227035,20888,5907,7866,2518,258727,246430,79621,72761,6860,166809,160413,6396,12297,34061,2167801,1395514,1103647,291867,93217,198650,772287,615196,157091,3731762,44273,567,595,1100,1824,3322,2949,3187,13042,5481,32902,24429,36412,45475,46843,814573,115485,250536,541561,424424,871363,315403,81713,54303,5403634,237017,310425,189745,190884,279186,121778,4074599,2167801,95813,84069,80874,87853,87858,89569,88183,91810,83183,165587,224732,303935,221933,151454,156891,154057,68411
"G280","2014-2018",,,"Mississippi","28",,,,,,,,,,,,,,,,,,,,,,,,,,,,"Mississippi",,,2988762,2988762,1751193,1125834,13689,28313,707,28833,40193,3550,36643,2988762,2898269,1696952,1121752,12990,28170,654,2858,34893,856,34037,90493,54241,4082,699,143,53,25975,5300,2694,2606,2988762,2898269,90493,1215697,1148639,1037238,111401,84813,16159,5263,2628,2538,3393,3136,37,27,34,159,522,1104,1233,17028,15999,27779,449478,434248,300616,158924,92891,66033,107002,17181,4084,10978,2447,133632,129124,41905,39448,2457,87219,85289,1930,4508,15230,1105576,740268,491943,248325,53350,194975,365308,317826,47482,1967314,25771,316,379,696,1682,3578,3735,5285,14309,14786,35278,43121,59762,68510,39137,474505,122059,116918,323976,184334,266274,116055,27736,19112,2890347,275272,324523,178262,162053,221576,83761,1644900,1105576,113175,76319,74327,68278,65117,61203,54498,53790,47283,84396,102096,123926,73926,40786,36688,29768,43567
"G290","2014-2018",,,"Missouri","29",,,,,,,,,,,,,,,,,,,,,,,,,,,,"Missouri",,,6090062,6090062,5008342,704896,26952,116720,6662,71162,155328,11364,143964,6090062,5840957,4848330,699730,23566,115311,6037,9826,138157,2862,135295,249105,160012,5166,3386,1409,625,61336,17171,8502,8669,6090062,5840957,249105,2855663,2588131,2338107,250024,197852,30070,12789,5774,3539,40311,36497,447,2559,635,173,2536,3338,6147,55495,21955,137750,981692,941181,638747,329615,215360,114255,251343,30803,8795,14273,3918,302434,287818,90490,82855,7635,197328,189949,7379,14616,40511,2396271,1540575,1152270,388305,107055,281250,855696,702904,152792,4124838,33534,542,679,691,1243,2787,2696,4851,12753,9501,65092,53296,87790,95141,59933,1076664,189766,298310,624735,323751,729543,329182,72419,49939,5907190,363015,474915,276551,264510,399070,169187,3959942,2396271,158836,118404,122333,127388,124137,129224,119243,120404,104302,195669,249084,300226,195077,115715,111519,104710,53560
"G300","2014-2018",,,"Montana","30",,,,,,,,,,,,,,,,,,,,,,,,,,,,"Montana",,,1041732,1041732,925642,4630,67289,7947,757,6032,29435,1798,27637,1041732,1002713,898953,4348,64643,7806,706,486,25771,495,25276,39019,26689,282,2646,141,51,5546,3664,1303,2361,1041732,1002713,39019,499849,426229,378154,48075,35214,7476,3328,1126,931,3852,3702,14,34,7,95,312,842,6305,25889,3917,32503,183823,178392,121321,61425,38595,22830,50878,4515,1119,2263,1121,57071,53908,21139,19631,1508,32769,31212,1557,3163,5431,423240,260229,208772,51457,17551,33906,163011,130033,32978,714267,3151,73,110,118,71,177,123,115,906,1257,8219,5420,9196,11682,7990,175345,33551,48081,121715,64097,148624,52011,13166,9069,1016407,60777,78286,51207,47346,72351,31257,675183,423240,27058,22449,21411,23392,23565,23372,21503,21227,18170,35694,45157,51580,34101,19422,18200,16939,52559
"G310","2014-2018",,,"Nebraska","31",,,,,,,,,,,,,,,,,,,,,,,,,,,,"Nebraska",,,1904760,1904760,1666463,90860,17282,44105,1392,36058,48600,5440,43160,1904760,1701479,1512314,88442,13918,43839,1091,1982,39893,785,39108,203281,154149,2418,3364,266,301,34076,8707,4655,4052,1904760,1701479,203281,980914,892182,803715,88467,66514,12859,5605,2525,964,6531,6131,107,130,38,125,641,1142,4198,26141,6535,43544,286080,273551,182058,94134,62970,31164,77665,5533,1482,2404,840,91493,88058,27956,26185,1771,60102,58364,1738,3435,12529,754063,484034,379707,104327,31450,72877,270029,219665,50364,1242463,14848,294,354,578,1189,2324,1731,2200,9892,3036,12782,12395,14933,18242,15941,283361,43188,93059,192857,130043,258291,92723,21949,16253,1850245,90684,123106,79463,75339,119961,52049,1309643,754063,40512,31484,33014,36057,36302,37232,36912,35040,32310,63275,82615,103433,71539,42044,38623,33671,59116
"G320","2014-2018",,,"Nevada","32",,,,,,,,,,,,,,,,,,,,,,,,,,,,"Nevada",,,2922849,2922849,1935103,261123,35845,234693,19352,296234,140499,23442,117057,2922849,2091252,1458093,249967,26355,229928,17703,8693,100513,2615,97898,831597,477010,11156,9490,4765,1649,287541,39986,20827,19159,2922849,2091252,831597,1351950,1196476,1056958,139518,106309,19212,7113,4757,2127,46574,45986,204,270,45,69,936,4435,5242,25750,18999,53538,438051,432030,300079,139874,91238,48636,102418,32036,9151,12107,4493,131951,118695,50042,43428,6614,68653,62675,5978,13256,6021,1075930,683185,477255,205930,68216,137714,392745,307649,85096,2001450,32255,399,619,1091,2473,6471,4203,7284,35153,7743,16212,32977,31574,42967,52742,483098,80131,149930,365081,163699,317510,116743,32676,18419,2881404,183649,209782,142183,139395,204346,88237,1913812,1075930,66099,42870,46175,52503,52723,55785,52494,52288,46946,89534,116327,143651,94826,56822,56228,50659,57598
"G330","2014-2018",,,"New Hampshire","33",,,,,,,,,,,,,,,,,,,,,,,,,,,,"New Hampshire",,,1343622,1343622,1250014,20516,2090,36124,359,6629,27890,2657,25233,1343622,1295266,1214547,17622,1838,35848,270,1323,23818,845,22973,48356,35467,2894,252,276,89,5306,4072,1812,2260,1343622,1295266,48356,707037,627473,571653,55820,44710,7034,2554,932,590,5806,4727,161,204,654,60,604,977,1833,19003,6079,45262,227984,218723,153170,74798,48451,26347,61684,9159,3267,3027,1235,65553,61089,20800,18449,2351,40289,38036,2253,4464,9261,528078,348905,277398,71507,23544,47963,179173,137426,41747,952115,5568,147,182,121,187,506,463,805,1809,2317,9071,8978,12884,12956,11613,223340,39665,58100,119591,96387,213277,101226,19032,13890,1300664,46012,56340,35153,38028,58680,26844,1039607,528078,19962,17120,19075,19686,19732,21875,19149,19683,18692,38093,54158,73982,58038,39393,44900,44540,74057
"G340","2014-2018",,,"New Jersey","34",,,,,,,,,,,,,,,,,,,,,,,,,,,,"New Jersey",,,8881845,8881845,6031747,1196764,18649,832403,3357,567976,230949,53267,177682,8881845,7113825,4960005,1129257,9599,826944,2255,36881,148884,14595,134289,1768020,1071742,67507,9050,5459,1102,531095,82065,38672,43393,8881845,7113825,1768020,4303118,3416225,3071526,344699,250730,49270,21321,13770,9608,494549,266138,3918,88728,125090,10675,14179,2305,12560,125663,49207,188430,1376863,1331368,933988,448698,286293,162405,323650,92647,31133,29665,8195,397380,378237,110904,101023,9881,267333,256473,10860,19143,45495,3213362,2222368,1646548,575820,155843,419977,990994,829344,161650,6129542,82079,1358,1033,2798,6446,14158,17306,23073,63435,22576,68955,64541,80568,89509,103278,1530024,153544,309670,710066,401069,1457910,671274,158342,96530,8707826,402248,501884,292679,279875,412113,166794,6652233,3213362,165332,106777,118201,121047,115724,113182,107671,106659,98978,200582,279210,389646,322775,240597,310244,416737,79363
"G350","2014-2018",,,"New Mexico","35",,,,,,,,,,,,,,,,,,,,,,,,,,,,"New Mexico",,,2092434,2092434,1558886,43006,199896,31513,1514,190111,67508,23752,43756,2092434,1076683,788308,38016,183408,29571,1046,4056,32278,1754,30524,1015751,770578,4990,16488,1942,468,186055,35230,21998,13232,2092434,1076683,1015751,880271,794374,706167,88207,65854,12845,5113,2906,1489,10139,8942,77,72,1006,42,192,2269,5802,18023,7004,42468,341515,334412,226009,112613,70944,41669,82399,16982,3805,8611,1599,108403,100425,36770,33218,3552,63655,60253,3402,7978,7103,775651,492776,342830,149946,44469,105477,282875,236373,46502,1394280,17383,404,325,782,2016,5977,3606,5358,24840,7415,18617,27363,32409,36887,22176,303626,64861,85994,241381,114664,213129,116002,23589,25476,2050855,181232,229157,121140,115813,149573,62491,1191449,775651,71461,46565,45977,46783,43912,40663,37203,34927,33099,61051,73430,87444,58236,33084,32953,28863,48059
"G360","2014-2018",,,"New York","36",,,,,,,,,,,,,,,,,,,,,,,,,,,,"New York",,,19618453,19618453,12514949,3068099,79644,1630341,8017,1718220,599183,146584,452599,19618453,15912865,10959534,2808679,46139,1616028,5591,105032,371862,36006,335856,3705588,1555415,259420,33505,14313,2426,1613188,227321,110578,116743,19618453,15912865,3705588,9246571,5515207,4913896,601311,457762,78364,34011,18855,12319,2591512,533192,9868,1773088,263228,12136,55560,6891,63313,569444,55475,389169,3068689,2952497,1981277,962690,573136,389554,674443,200531,47969,72783,22861,971220,922043,287912,261938,25974,634131,605988,28143,49177,116192,7316537,4634204,3232009,1402195,363682,1038513,2682333,2176387,505946,13606342,264723,3031,4148,9451,19555,40742,39372,70458,159361,65241,181095,202510,226380,251883,301899,3020851,535400,634196,1503643,1184265,2748577,1541679,390755,207127,19108993,1260700,1537285,811241,767466,1064207,435211,13232883,7316537,492408,378399,325767,318683,301819,300327,275108,279709,243067,492299,648570,868488,658357,466265,554471,712800,65323
"G370","2014-2018",,,"North Carolina","37",,,,,,,,,,,,,,,,,,,,,,,,,,,,"North Carolina",,,10155624,10155624,6994240,2179622,121352,282264,6939,307906,263301,27712,235589,10155624,9219674,6433039,2146254,111360,280059,5677,22615,220670,6741,213929,935950,561201,33368,9992,2205,1262,285291,42631,20971,21660,10155624,9219674,935950,4660377,4215826,3781646,434180,332418,59507,21656,12289,8310,47381,42455,832,2523,1233,338,4815,5761,9824,85152,38580,253038,1570998,1526880,1067863,541258,344312,196946,403027,66027,19171,32119,6261,459017,437541,135456,124784,10672,302085,291337,10748,21476,44118,3918597,2573526,1886087,687439,173471,513968,1345071,1113548,231523,6881774,82023,1414,1111,2743,6552,13638,11810,20517,56376,36594,90138,135505,162954,155026,93465,1482960,297293,434625,1045166,652658,1345846,543580,116857,92923,9881292,663550,860399,510878,491861,701201,285781,6367622,3918597,266502,212515,207195,210335,210982,209328,193292,196956,167230,320322,387786,471985,303156,185224,183853,191936,52413
"G380","2014-2018",,,"North Dakota","38",,,,,,,,,,,,,,,,,,,,,,,,,,,,"North Dakota",,,752201,752201,655268,20445,39462,10814,378,7528,18306,1197,17109,752201,725672,639477,20113,38308,10664,366,972,15772,201,15571,26529,15791,332,1154,150,12,6556,2534,996,1538,752201,725672,26529,398937,359759,325252,34507,25195,5439,2152,1043,678,2150,1980,40,21,74,35,302,358,1485,13631,2329,18923,109910,103359,67500,35377,24417,10960,29451,1537,360,636,139,35859,34851,11252,10439,813,23599,23087,512,1008,6551,314903,188288,151214,37074,13122,23952,126615,98845,27770,490233,3019,59,93,33,105,185,178,311,851,855,10014,3654,5735,6201,5501,113235,18029,30831,79736,67212,105552,26902,6962,4980,727322,39838,39432,27124,24955,36522,18440,541011,314903,18064,13227,13158,12633,14064,13846,13219,13791,12919,24633,32414,45061,31435,20415,18541,17483,63473
"G390","2014-2018",,,"Ohio","39",,,,,,,,,,,,,,,,,,,,,,,,,,,,"Ohio",,,11641879,11641879,9489832,1438271,23563,249741,3591,109792,327089,26734,300355,11641879,11210552,9220638,1418048,17723,247987,3055,18848,284253,6890,277363,431327,269194,20223,5840,1754,536,90944,42836,19844,22992,11641879,11210552,431327,5442764,4949445,4526389,423056,330803,51988,18620,12959,8686,87570,83286,954,2231,613,486,5501,4616,16359,121728,37230,220315,1892861,1818356,1218663,629106,397421,231685,475578,61068,16635,29158,7118,599693,573821,188486,173378,15108,385335,371717,13618,25872,74505,4654075,2953760,2145423,808337,219756,588581,1700315,1410748,289567,7937085,68548,1077,887,1370,2928,5768,5063,7014,18245,18715,93705,91594,154583,189952,126711,2333362,306116,543607,1080640,681630,1370810,613112,133086,88562,11319092,750715,895271,483340,479539,709431,299529,7701267,4654075,333406,226269,234656,241376,232036,238321,218745,224516,195864,374620,479196,586108,392130,241243,226944,208645,54533
"G400","2014-2018",,,"Oklahoma","40",,,,,,,,,,,,,,,,,,,,,,,,,,,,"Oklahoma",,,3918137,3918137,2837772,287959,294676,83392,4471,106757,303110,15080,288030,3918137,3510616,2586110,282622,280638,82318,3982,4790,270156,2383,267773,407521,251662,5337,14038,1074,489,101967,32954,12697,20257,3918137,3510616,407521,1748344,1615004,1440542,174462,134848,23217,9056,5431,1910,7428,6831,197,73,112,215,1213,3041,4308,31322,15780,70248,589230,569496,394480,202250,128035,74215,151303,21199,6391,11185,2152,175016,168237,54315,50306,4009,113922,110388,3534,6779,19734,1474620,975462,718745,256717,76016,180701,499158,414568,84590,2574001,25034,395,513,984,2008,4119,3285,5038,22959,10714,30704,42790,55258,68535,41452,677212,129195,191733,415100,198903,428829,157907,36285,25049,3802004,264018,343792,201321,203162,281194,112073,2396444,1474620,104686,79794,80385,81892,81511,79230,73745,73955,64010,121219,153601,179466,114397,65039,62455,59235,51424
"G410","2014-2018",,,"Oregon","41",,,,,,,,,,,,,,,,,,,,,,,,,,,,"Oregon",,,4081943,4081943,3445933,77789,46961,174510,16006,127084,193660,20228,173432,4081943,3557987,3103557,74356,36776,172505,15301,6410,149082,2986,146096,523956,342376,3433,10185,2005,705,120674,44578,17242,27336,4081943,3557987,523956,1895393,1545544,1356677,188867,149842,23455,8847,4252,2471,85300,65312,8351,8646,2764,227,1813,4924,42256,71623,14170,129763,682546,665395,450023,224781,142027,82754,176269,24996,7385,10720,5872,215372,200123,67817,59485,8332,132306,123533,8773,15249,17151,1591835,1005869,772458,233411,71845,161566,585966,439093,146873,2850693,30821,436,672,1458,2833,6033,3562,5917,23046,6850,23828,31477,39663,48210,49376,530622,125743,232529,499948,249852,583144,247490,62012,45171,4004544,249940,315307,186149,181530,255407,113868,2702343,1591835,95003,70503,74158,74284,78482,76181,70998,71889,64622,126644,166000,209965,142816,88215,90895,91180,59393
"G420","2014-2018",,,"Pennsylvania","42",,,,,,,,,,,,,,,,,,,,,,,,,,,,"Pennsylvania",,,12791181,12791181,10341442,1423319,24847,427892,4107,258694,310880,38055,272825,12791181,11886025,9826865,1360576,14419,424597,2702,20860,236006,9675,226331,905156,514577,62743,10428,3295,1405,237834,74874,28380,46494,12791181,11886025,905156,6032013,5104953,4593109,511844,397988,63885,26506,14083,9382,337633,224086,7724,45705,59380,738,6457,5874,29823,223371,43478,280424,2229861,2140238,1443207,729246,476419,252827,553811,88850,24359,38455,8486,697031,664868,209175,191860,17315,455693,439393,16300,32163,89623,5025132,3232070,2408669,823401,230451,592950,1793062,1484446,308616,8921363,88991,1462,1246,2438,3913,9083,8564,12498,29487,23434,110048,105405,165795,180765,130889,2784595,349060,487407,939376,741590,1661705,774543,177901,131168,12380149,715672,863277,487992,488522,724475,311901,8788310,5025132,315702,227537,243269,240294,238838,236685,218023,219863,199038,393025,507643,646375,450266,288974,296797,302803,59445
"G440","2014-2018",,,"Rhode Island","44",,,,,,,,,,,,,,,,,,,,,,,,,,,,"Rhode Island",,,1056611,1056611,854502,69254,5484,35663,863,58136,32709,7387,25322,1056611,897753,767727,59001,3708,35128,684,7090,24415,3145,21270,158858,86775,10253,1776,535,179,51046,8294,4242,4052,1056611,897753,158858,515872,457799,413105,44694,35302,5230,2024,1110,1028,12915,9388,39,418,3005,65,560,344,1770,18556,3498,20430,174210,166395,108351,53358,33606,19752,39845,8837,2294,3256,761,58044,54995,17008,15694,1314,37987,36629,1358,3049,7815,410885,255666,182276,73390,18624,54766,155219,126661,28558,733188,10680,153,93,687,1099,2437,3926,2399,4713,3362,8607,11618,13035,13466,11719,172787,34220,42214,90873,61136,145595,69830,15651,12888,1016029,56135,76920,39744,36519,58227,20480,728004,410885,27976,21929,18454,18404,16967,17116,16428,17307,12995,28967,38889,51575,40991,26330,29091,27466,63296
"G450","2014-2018",,,"South Carolina","45",,,,,,,,,,,,,,,,,,,,,,,,,,,,"South Carolina",,,4955925,4955925,3332986,1339360,16686,75084,3004,78597,110208,11089,99119,4955925,4680240,3156973,1328352,14187,74278,2812,8584,95054,2193,92861,275685,176013,11008,2499,806,192,70013,15154,8896,6258,4955925,4680240,275685,2215014,2033156,1825021,208135,161362,28832,10324,4804,2813,11816,10457,147,601,180,431,2427,2995,5446,46140,21134,91900,829083,810154,580033,295232,184033,111199,218158,34493,9341,18951,3858,230121,218932,70408,64473,5935,148524,143416,5108,11189,18929,1894711,1249795,892969,356826,84331,272495,644916,542317,102599,3385002,37099,881,431,1163,2286,5480,4507,7395,21399,19363,41634,59281,87421,87004,60426,847337,151122,202163,496341,324446,588965,250813,51051,36994,4814032,346252,424380,246724,243896,346593,146246,3059941,1894711,145418,104615,100493,105989,105418,102763,91395,91331,82675,154561,194100,229417,144972,83699,81237,76628,51015
"G460","2014-2018",,,"South Dakota","46",,,,,,,,,,,,,,,,,,,,,,,,,,,,"South Dakota",,,864289,864289,730062,16241,75331,12660,293,6613,23089,1193,21896,864289,832294,710810,15840,72263,12540,236,647,19958,109,19849,31995,19252,401,3068,120,57,5966,3131,1084,2047,864289,832294,31995,436525,388474,350530,37944,27975,6242,2099,1125,503,2448,2354,23,44,0,27,219,722,1643,15269,2694,25056,136808,128823,85826,45004,29666,15338,37081,1947,449,1123,222,42997,41352,13395,12513,882,27957,26902,1055,1645,7985,341565,216985,170352,46633,14849,31784,124580,102442,22138,567083,3834,63,49,162,215,388,405,296,1174,781,10525,5368,7934,9093,6657,147729,25533,36032,84293,65075,112426,34166,8813,6072,834921,52226,60918,33849,34789,52476,23925,576738,341565,19651,16586,15062,16097,16961,19342,16256,16431,15018,28790,37893,49022,30544,16219,14305,13388,56499
"G470","2014-2018",,,"Tennessee","47",,,,,,,,,,,,,,,,,,,,,,,,,,,,"Tennessee",,,6651089,6651089,5166231,1117489,17848,112915,3806,90666,142134,11728,130406,6651089,6298687,4924145,1107218,15172,112015,3318,9686,127133,3440,123693,352402,242086,10271,2676,900,488,80980,15001,8288,6713,6651089,6298687,352402,3003226,2772904,2503496,269408,207422,38912,13614,5500,3960,21786,20045,327,242,942,230,1706,3258,3915,39970,29035,130652,1045213,1014433,714458,367048,236057,130991,266757,43330,13128,19936,4259,299975,286653,92553,85298,7255,194100,187361,6739,13322,30780,2567061,1695846,1241573,454273,117724,336549,871215,722285,148930,4530706,49403,689,747,1634,2580,8923,6684,9390,29684,24607,85259,74471,106559,116550,73090,1198201,269647,287384,655225,323928,762299,311861,76858,55033,6488786,451092,595416,337592,325447,456899,194542,4127798,2567061,190342,141456,143086,143310,141143,136061,130436,127042,108652,212139,260418,305237,193963,113288,109904,110584,50972
"G480","2014-2018",,,"Texas","48",,,,,,,,,,,,,,,,,,,,,,,,,,,,"Texas",,,27885195,27885195,20720689,3365783,136061,1308257,23672,1600234,730499,152824,577675,27885195,16963639,11807263,3269253,68452,1292813,20381,42354,463123,21662,441461,10921556,8913426,96530,67609,15444,3291,1557880,267376,131162,136214,27885195,16963639,10921556,12842820,11650999,10345804,1305195,970345,203572,75170,38541,17567,184848,159344,3492,9745,11223,1044,8363,19988,32418,196708,145444,604052,3337814,3246415,2374746,1148641,735214,413427,814413,229893,72370,89171,20258,871669,827395,272174,250439,21735,555221,534339,20882,44274,91399,9553046,6629325,4812972,1816353,488202,1328151,2923721,2397543,526178,17815359,354158,3708,5076,21224,48787,104174,65989,101545,435436,119805,246209,455401,341190,386462,304268,3660917,787964,1106617,2785910,1261050,3409836,1321019,287320,201294,27264694,1792641,2421297,1391769,1371822,1890880,773709,17622576,9553046,609111,415778,431000,454863,460236,456584,419784,431876,372502,753148,942058,1168213,839610,552446,588275,657562,59570
"G490","2014-2018",,,"Utah","49",,,,,,,,,,,,,,,,,,,,,,,,,,,,"Utah",,,3045350,3045350,2632056,35862,32657,69810,27096,157990,89879,14964,74915,3045350,2623227,2394238,33713,28047,68747,26607,4802,67073,2038,65035,422123,237818,2149,4610,1063,489,153188,22806,12926,9880,3045350,2623227,422123,1433444,1248877,1088975,159902,118705,22814,10198,5209,2976,35349,21345,3441,3203,7222,138,490,4451,10555,36297,9159,88266,320269,315382,240635,121821,82451,39370,93908,12795,5407,5136,1568,74747,71867,22372,20931,1441,49495,48133,1362,2880,4887,957619,716884,587505,129379,40763,88616,240735,184648,56087,1782065,14827,332,446,829,1293,2678,1571,2254,13664,3834,7806,16353,18483,28646,30344,355712,51612,141143,323812,173766,391237,144145,32078,25200,2997963,137839,172065,118629,123651,203966,87350,2154463,957619,40085,29541,30491,34642,38599,38728,40549,42498,38587,80778,112915,145363,104396,64513,61120,54814,68374
"G500","2014-2018",,,"Vermont","50",,,,,,,,,,,,,,,,,,,,,,,,,,,,"Vermont",,,624977,624977,589546,8058,2106,10579,184,2426,12078,388,11690,624977,613300,581023,7602,1867,10541,170,898,11199,184,11015,11677,8523,456,239,38,14,1528,879,204,675,624977,613300,11677,321624,271998,244038,27960,22773,3388,929,409,461,3971,3637,25,215,64,30,229,337,2475,17852,2487,22275,113550,109545,70488,35944,22581,13363,29511,2256,861,1114,802,39057,36583,11904,10413,1491,24679,23130,1549,2474,4005,259589,158406,124868,33538,10731,22807,101183,77381,23802,439695,2683,58,63,23,165,109,52,187,574,738,5535,3993,6883,6803,4841,112989,15183,23545,53652,37513,97034,47484,11287,8301,600334,29658,37376,23760,23352,36726,15241,434221,259589,12826,13380,12180,12483,11650,12759,11179,11121,10707,21360,27568,36469,24831,14831,13362,12883,60076
"G510","2014-2018",,,"Virginia","51",,,,,,,,,,,,,,,,,,,,,,,,,,,,"Virginia",,,8413774,8413774,5722660,1613285,22972,531503,5677,208464,309213,33041,276172,8413774,7642597,5233111,1582421,17747,526973,4740,21295,256310,8233,248077,771177,489549,30864,5225,4530,937,187169,52903,24808,28095,8413774,7642597,771177,4152433,3588194,3205870,382324,282010,62561,19020,10352,8381,184405,84111,658,82627,16479,530,8102,6102,17425,99787,40697,207721,1230246,1201932,846455,416029,269585,146444,310397,65641,22965,24713,6710,355477,334777,105869,96527,9342,228908,219259,9649,20700,28314,3128415,2085245,1578357,506888,136383,370505,1043170,843863,199307,5730352,69818,1026,985,2363,4267,9522,9141,15918,40400,33752,61183,74634,101447,105589,82775,1154825,226255,346434,766185,436970,1244489,692598,144150,105626,8162107,425969,467611,285591,286599,432442,181618,6082277,3128415,165334,114411,113351,118126,120742,120540,116458,124993,111844,223854,299458,404293,307236,217713,255538,314524,71564
"G530","2014-2018",,,"Washington","53",,,,,,,,,,,,,,,,,,,,,,,,,,,,"Washington",,,7294336,7294336,5545997,269854,95048,607429,48043,311170,416795,40641,376154,7294336,6382763,5039208,259482,80274,602020,46476,12077,343226,6662,336564,911573,506789,10372,14774,5409,1567,299093,73569,33979,39590,7294336,6382763,911573,3485339,2853633,2506808,346825,265507,43599,16872,12238,8609,225913,194937,1678,8499,10385,10414,3308,10909,30853,125965,27582,207176,1073499,1044510,719840,356418,234863,121555,279226,45164,16027,16241,6764,324670,303242,102545,91352,11193,200697,188900,11797,21428,28989,2800423,1813296,1407804,405492,127803,277689,987127,751465,235662,5001943,57948,761,1126,2847,4939,11236,7425,10658,40485,11762,37943,48340,56876,70512,81863,917800,191216,375788,807708,501449,1104621,471410,109253,77977,7161708,377106,444515,255057,273495,395859,177498,5238178,2800423,144695,95789,99129,104429,107027,112120,110303,115143,105170,210273,286122,381845,281885,196331,215941,234221,70116
"G540","2014-2018",,,"West Virginia","54",,,,,,,,,,,,,,,,,,,,,,,,,,,,"West Virginia",,,1829054,1829054,1704345,66728,3668,14534,350,7290,32139,2028,30111,1829054,1801532,1684756,65597,3546,14353,309,3060,29911,865,29046,27522,19589,1131,122,181,41,4230,2228,1163,1065,1829054,1801532,27522,727792,667619,600897,66722,54033,8225,3001,745,718,6627,5615,48,175,747,42,309,402,1049,20940,6633,24213,344719,335086,230892,120793,74800,45993,89157,9780,2674,7050,1438,104194,99799,33840,31035,2805,65959,63826,2133,4395,9633,734676,475835,358834,117001,34837,82164,258841,217917,40924,1292084,10152,182,215,302,408,944,1138,1973,6720,9247,26168,28681,37443,34952,15705,436424,87112,77117,163476,91975,158032,75727,16213,11778,1776501,135869,179595,95653,93720,132926,53847,1084891,734676,65896,45760,48995,48193,43670,41840,37184,36317,32269,59234,72500,80561,50327,28448,23866,19616,44921
"G550","2014-2018",,,"Wisconsin","55",,,,,,,,,,,,,,,,,,,,,,,,,,,,"Wisconsin",,,5778394,5778394,4945966,368744,50422,159356,1975,115941,135990,16414,119576,5778394,5392615,4711038,361909,46149,158198,1676,4807,108838,2711,106127,385779,234928,6835,4273,1158,299,111134,27152,13703,13449,5778394,5392615,385779,2920388,2601098,2369044,232054,182071,30266,10673,5915,3129,51391,49533,175,281,1148,254,3047,5393,20309,89410,18256,131484,924695,890725,595958,307410,207315,100095,249594,21565,5409,8873,3107,294767,280459,91648,84064,7584,188811,181933,6878,14308,33970,2343129,1484455,1147230,337225,107700,229525,858674,683448,175226,3930889,34730,474,569,958,1292,3265,2976,3461,13371,5643,41688,31383,50264,65341,61759,1077539,139031,264540,549888,422227,762210,285851,66358,46071,5628213,288910,379310,221478,215081,341104,146513,4035817,2343129,115992,106603,108024,113641,112435,115627,108363,112278,99091,193488,253997,326010,219125,133762,121032,103661,59209
"G560","2014-2018",,,"Wyoming","56",,,,,,,,,,,,,,,,,,,,,,,,,,,,"Wyoming",,,581836,581836,532008,5540,14053,4756,539,9361,15579,1748,13831,581836,524870,489559,5149,12717,4660,434,227,12124,151,11973,56966,42449,391,1336,96,105,9134,3455,1597,1858,581836,524870,56966,287175,251676,222984,28692,19976,5278,2171,914,353,3774,3709,12,29,0,24,151,592,2454,11285,2392,14851,87777,85237,58189,30116,19043,11073,23717,2171,814,1046,325,27048,25670,9489,8777,712,16181,15466,715,1378,2540,230630,148692,118904,29788,11004,18784,81938,65525,16413,389291,1519,72,79,59,72,438,151,123,1412,670,2807,3399,4853,6381,5609,91927,19972,32098,70138,42835,67697,26978,5489,4513,567950,27728,35583,21931,22313,33411,15588,411396,230630,11430,9144,10648,10752,10248,11108,10279,10395,9521,18047,24249,33077,24261,15233,12723,9515,62268
"G720","2014-2018",,,"Puerto Rico","72",,,,,,,,,,,,,,,,,,,,,,,,,,,,"Puerto Rico",,,3386941,3386941,2283720,365010,8504,6684,303,547254,175466,16160,159306,3386941,37601,28015,3107,59,2337,44,2289,1750,122,1628,3349340,2255705,361903,8445,4347,259,544965,173716,16038,157678,3386941,37601,3349340,1001256,910730,828210,82520,63331,12743,3849,1542,1055,20074,7978,7826,3790,62,418,528,1003,2146,29478,15273,22024,640623,628678,454523,234156,130025,104131,137851,36365,6985,34515,4651,174155,164925,55848,51087,4761,109077,103863,5214,9230,11945,1205075,827819,463150,364669,81032,283637,377256,330870,46386,2364398,61124,955,618,11609,18388,33917,42416,32385,69382,44431,59554,92300,38187,50918,22045,599597,60073,36342,255778,235051,428310,117015,28907,25096,3356773,823263,671897,293698,255985,290609,104176,917145,1205075,333145,143400,122665,96672,79401,67526,56023,47119,38180,61015,59464,46497,22355,10992,10094,10527,20166
